/comics/84743,/comics/22030,/comics/84760,/comics/84776,/comics/68404,/comics/21300,/comics/84792,/comics/21816,/comics/68981,/comics/21391,/comics/21662,/comics/78246,/comics/82343,/comics/78262,/comics/82359,/comics/68536,/comics/78278,/comics/82375,/comics/68302,/comics/84692,/comics/78294,/comics/82391,/comics/84708,/comics/78311,/comics/82407,/comics/84724,/comics/78327,/comics/82423,/comics/21498
/comics/78594,/comics/70156,/comics/82703,/comics/24847,/comics/24618,/comics/70445,/comics/84568,/comics/70244,/comics/84584,/comics/84600,/comics/84616,/comics/84632,/comics/70559,/comics/25504,/comics/78497,/comics/84652,/comics/70063,/comics/82607,/comics/78513,/comics/82623,/comics/78529,/comics/82639,/comics/78545,/comics/82655,/comics/78561,/comics/82671,/comics/78578,/comics/70646,/comics/25340,/comics/82687
/comics/82691,/comics/78598,/comics/70665,/comics/82707,/comics/78614,/comics/82723,/comics/25381,/comics/78630,/comics/82739,/comics/78646,/comics/70976,/comics/84800,/comics/25158,/comics/70477,/comics/84816,/comics/70751,/comics/84832,/comics/84850,/comics/84866,/comics/84882,/comics/70578,/comics/26034,/comics/70858,/comics/78549,/comics/82659,/comics/78565,/comics/70381,/comics/82675,/comics/78582,/comics/25595
/comics/82695,/comics/78602,/comics/82711,/comics/70680,/comics/78618,/comics/82727,/comics/78634,/comics/25390,/comics/82743,/comics/78650,/comics/82759,/comics/70490,/comics/71024,/comics/70770,/comics/26483,/comics/24961,/comics/25237,/comics/26290,/comics/78537,/comics/70609,/comics/82647,/comics/78553,/comics/82663,/comics/25831,/comics/78569,/comics/26089,/comics/70890,/comics/82679,/comics/78586,/comics/70397
/comics/82955,/comics/71185,/comics/71202,/comics/71219,/comics/28479,/comics/71235,/comics/28237,/comics/28032,/comics/28808,/comics/78734,/comics/82843,/comics/78750,/comics/82859,/comics/78766,/comics/82875,/comics/78782,/comics/82891,/comics/71118,/comics/78798,/comics/82907,/comics/78814,/comics/71135,/comics/82923,/comics/28651,/comics/78830,/comics/71151,/comics/27887,/comics/82939,/comics/78846,/comics/71167
/comics/71175,/comics/71194,/comics/27441,/comics/27962,/comics/78678,/comics/27742,/comics/82787,/comics/78694,/comics/82803,/comics/78710,/comics/27254,/comics/82819,/comics/78726,/comics/82835,/comics/78742,/comics/71074,/comics/82851,/comics/78758,/comics/71091,/comics/82867,/comics/78774,/comics/26818,/comics/82883,/comics/71108,/comics/78790,/comics/82899,/comics/71126,/comics/78806,/comics/71143,/comics/71159
/comics/32002,/comics/83204,/comics/71430,/comics/79110,/comics/83220,/comics/71446,/comics/79126,/comics/31001,/comics/83236,/comics/71462,/comics/71483,/comics/31815,/comics/71500,/comics/71516,/comics/71533,/comics/31378,/comics/31642,/comics/79014,/comics/83123,/comics/79030,/comics/31158,/comics/83139,/comics/79046,/comics/83155,/comics/79062,/comics/83172,/comics/79078,/comics/83188,/comics/71413,/comics/79094
/comics/83200,/comics/71425,/comics/79106,/comics/31490,/comics/83216,/comics/71442,/comics/79122,/comics/83232,/comics/71458,/comics/79138,/comics/83248,/comics/71477,/comics/71496,/comics/71512,/comics/31327,/comics/31592,/comics/71529,/comics/32120,/comics/71545,/comics/31130,/comics/79026,/comics/83135,/comics/79042,/comics/31945,/comics/83151,/comics/79058,/comics/83168,/comics/79074,/comics/83184,/comics/79090
/comics/32537,/comics/83236,/comics/79142,/comics/83252,/comics/79158,/comics/83268,/comics/79174,/comics/83284,/comics/79190,/comics/32348,/comics/83300,/comics/79206,/comics/83316,/comics/79222,/comics/71550,/comics/83332,/comics/79238,/comics/71566,/comics/83348,/comics/79254,/comics/71585,/comics/83364,/comics/71602,/comics/32696,/comics/33468,/comics/71620,/comics/71637,/comics/71654,/comics/33005,/comics/71671
/comics/71693,/comics/71712,/comics/71729,/comics/34867,/comics/71745,/comics/71764,/comics/83316,/comics/79222,/comics/83332,/comics/79238,/comics/33672,/comics/83348,/comics/79254,/comics/83364,/comics/79270,/comics/83380,/comics/79288,/comics/33468,/comics/83396,/comics/34245,/comics/79305,/comics/83412,/comics/71637,/comics/79321,/comics/83428,/comics/71654,/comics/79337,/comics/33005,/comics/83444,/comics/71671
/comics/36101,/comics/71952,/comics/71969,/comics/36655,/comics/71985,/comics/37174,/comics/72003,/comics/72019,/comics/79448,/comics/83552,/comics/79464,/comics/83568,/comics/79480,/comics/36477,/comics/83584,/comics/79496,/comics/37770,/comics/83600,/comics/79513,/comics/83616,/comics/79529,/comics/83632,/comics/79545,/comics/37566,/comics/83648,/comics/71881,/comics/71898,/comics/71914,/comics/36847,/comics/37361
/comics/83973,/comics/83989,/comics/39190,/comics/84005,/comics/72233,/comics/79660,/comics/39980,/comics/84021,/comics/79676,/comics/79692,/comics/79708,/comics/79725,/comics/39544,/comics/39800,/comics/72315,/comics/79742,/comics/79758,/comics/72344,/comics/79774,/comics/40606,/comics/40362,/comics/72122,/comics/72379,/comics/83909,/comics/39380,/comics/72405,/comics/83925,/comics/83941,/comics/83957,/comics/72191
/comics/72456,/comics/83981,/comics/40462,/comics/72209,/comics/40212,/comics/83997,/comics/84013,/comics/84029,/comics/39490,/comics/79684,/comics/79700,/comics/79716,/comics/79733,/comics/40054,/comics/39295,/comics/79750,/comics/72328,/comics/79766,/comics/79782,/comics/72362,/comics/79798,/comics/39871,/comics/72394,/comics/83917,/comics/83933,/comics/72419,/comics/72171,/comics/83949,/comics/83965,/comics/40701
/comics/72705,/comics/79882,/comics/43021,/comics/72983,/comics/79898,/comics/79914,/comics/72752,/comics/42800,/comics/43571,/comics/42552,/comics/73273,/comics/79930,/comics/64,/comics/79946,/comics/79962,/comics/72804,/comics/79978,/comics/72565,/comics/79994,/comics/80010,/comics/72597,/comics/80026,/comics/73125,/comics/72872,/comics/43956,/comics/72631,/comics/72666,/comics/43234,/comics/43761,/comics/79866
/comics/80134,/comics/44559,/comics/45079,/comics/73268,/comics/569,/comics/830,/comics/73285,/comics/328,/comics/73301,/comics/73317,/comics/44138,/comics/73333,/comics/73349,/comics/43909,/comics/80006,/comics/73365,/comics/80022,/comics/73113,/comics/44961,/comics/73381,/comics/80038,/comics/43688,/comics/80054,/comics/444,/comics/80070,/comics/201,/comics/44748,/comics/80086,/comics/80102,/comics/80118
/comics/80138,/comics/45582,/comics/80154,/comics/44829,/comics/80170,/comics/45359,/comics/1075,/comics/44609,/comics/588,/comics/45132,/comics/73305,/comics/73321,/comics/73337,/comics/393,/comics/73353,/comics/45961,/comics/73369,/comics/1191,/comics/73385,/comics/73401,/comics/80058,/comics/699,/comics/73418,/comics/80074,/comics/45771,/comics/978,/comics/45011,/comics/80090,/comics/80106,/comics/80122
/comics/80398,/comics/50450,/comics/2835,/comics/80414,/comics/73767,/comics/80430,/comics/50230,/comics/2617,/comics/48697,/comics/80446,/comics/73797,/comics/80462,/comics/48983,/comics/49241,/comics/80478,/comics/50019,/comics/73829,/comics/49520,/comics/2936,/comics/3219,/comics/2714,/comics/49821,/comics/73630,/comics/73646,/comics/73662,/comics/73688,/comics/2526,/comics/3057,/comics/73718,/comics/80382
/comics/80386,/comics/80402,/comics/80418,/comics/2861,/comics/80434,/comics/2357,/comics/80450,/comics/2635,/comics/73586,/comics/48766,/comics/73602,/comics/49041,/comics/73618,/comics/73634,/comics/2979,/comics/50083,/comics/73650,/comics/49587,/comics/49844,/comics/2748,/comics/73666,/comics/48326,/comics/80338,/comics/2261,/comics/73694,/comics/80354,/comics/48102,/comics/80370,/comics/2553,/comics/73724
/comics/80647,/comics/74763,/comics/4108,/comics/4620,/comics/4880,/comics/74514,/comics/80663,/comics/53278,/comics/80679,/comics/4395,/comics/80695,/comics/80712,/comics/74325,/comics/80728,/comics/74592,/comics/53089,/comics/80744,/comics/4716,/comics/74361,/comics/53900,/comics/54169,/comics/4520,/comics/52659,/comics/74431,/comics/74691,/comics/4295,/comics/53465,/comics/74471,/comics/80615,/comics/80631
/comics/80896,/comics/75531,/comics/5911,/comics/55583,/comics/5670,/comics/54837,/comics/55350,/comics/75076,/comics/55113,/comics/5460,/comics/75606,/comics/54617,/comics/75622,/comics/75368,/comics/54387,/comics/75639,/comics/80784,/comics/80800,/comics/80816,/comics/6068,/comics/5822,/comics/80832,/comics/5321,/comics/5577,/comics/80848,/comics/74967,/comics/80864,/comics/56045,/comics/80880,/comics/75251
/comics/6150,/comics/6410,/comics/80908,/comics/80924,/comics/80940,/comics/80956,/comics/6729,/comics/56394,/comics/56907,/comics/80972,/comics/80988,/comics/6508,/comics/75635,/comics/6012,/comics/75651,/comics/56712,/comics/6282,/comics/75668,/comics/55959,/comics/56223,/comics/75685,/comics/75705,/comics/75724,/comics/6607,/comics/56538,/comics/57308,/comics/75741,/comics/80876,/comics/80892,/comics/55804
/comics/6410,/comics/80924,/comics/75807,/comics/7205,/comics/57896,/comics/80940,/comics/75829,/comics/80956,/comics/6729,/comics/56907,/comics/80972,/comics/80988,/comics/75872,/comics/6508,/comics/81004,/comics/75888,/comics/57721,/comics/81020,/comics/56712,/comics/81036,/comics/75668,/comics/81052,/comics/57500,/comics/75685,/comics/75705,/comics/75724,/comics/6607,/comics/56538,/comics/57308,/comics/75741
/comics/58115,/comics/76053,/comics/7964,/comics/58918,/comics/7468,/comics/76090,/comics/7242,/comics/75858,/comics/75880,/comics/7805,/comics/7551,/comics/81028,/comics/75914,/comics/58769,/comics/81044,/comics/7330,/comics/75940,/comics/81060,/comics/75956,/comics/81076,/comics/81092,/comics/57805,/comics/7634,/comics/7123,/comics/81108,/comics/58586,/comics/81124,/comics/76017,/comics/58354,/comics/81140
/comics/60419,/comics/76304,/comics/59673,/comics/76321,/comics/9253,/comics/8747,/comics/9521,/comics/76338,/comics/81212,/comics/81228,/comics/76367,/comics/60760,/comics/60251,/comics/81244,/comics/60003,/comics/81260,/comics/81276,/comics/9093,/comics/76428,/comics/81292,/comics/60563,/comics/9371,/comics/81308,/comics/8605,/comics/76459,/comics/8898,/comics/76504,/comics/76252,/comics/59868,/comics/60662
/comics/81420,/comics/76815,/comics/81436,/comics/11552,/comics/81452,/comics/62008,/comics/81468,/comics/76864,/comics/81484,/comics/61779,/comics/81500,/comics/76638,/comics/11108,/comics/76903,/comics/81516,/comics/76668,/comics/76924,/comics/10375,/comics/61321,/comics/76956,/comics/61870,/comics/61637,/comics/76756,/comics/10966,/comics/61401,/comics/10463,/comics/81388,/comics/10738,/comics/62203,/comics/81404
/comics/76815,/comics/77083,/comics/11552,/comics/81452,/comics/62008,/comics/81468,/comics/76864,/comics/81484,/comics/12112,/comics/61779,/comics/77141,/comics/81500,/comics/11108,/comics/76903,/comics/62567,/comics/81516,/comics/62328,/comics/76924,/comics/81532,/comics/81548,/comics/11929,/comics/76956,/comics/81564,/comics/61870,/comics/61637,/comics/77009,/comics/10966,/comics/62424,/comics/77043,/comics/62203
/comics/77583,/comics/14354,/comics/63767,/comics/77599,/comics/77615,/comics/81712,/comics/64563,/comics/15419,/comics/77631,/comics/81728,/comics/64322,/comics/14921,/comics/77647,/comics/81744,/comics/14171,/comics/77663,/comics/81760,/comics/77679,/comics/81776,/comics/77695,/comics/81792,/comics/63617,/comics/77711,/comics/81808,/comics/81824,/comics/81840,/comics/14014,/comics/64206,/comics/15080,/comics/14569
/comics/15108,/comics/77587,/comics/14617,/comics/14363,/comics/77603,/comics/77619,/comics/81716,/comics/63799,/comics/77635,/comics/81732,/comics/64581,/comics/77651,/comics/81748,/comics/13918,/comics/77667,/comics/81764,/comics/64356,/comics/77683,/comics/81780,/comics/77699,/comics/14211,/comics/81796,/comics/64136,/comics/81812,/comics/63897,/comics/63649,/comics/81828,/comics/14762,/comics/64454,/comics/64231
/comics/77828,/comics/65549,/comics/77847,/comics/17187,/comics/81956,/comics/77867,/comics/81972,/comics/77883,/comics/81988,/comics/77899,/comics/82004,/comics/77915,/comics/65636,/comics/82020,/comics/65898,/comics/84079,/comics/17011,/comics/82036,/comics/84095,/comics/65408,/comics/17796,/comics/84111,/comics/84127,/comics/84143,/comics/17334,/comics/65978,/comics/84159,/comics/16840,/comics/17641,/comics/65791
/comics/65799,/comics/77832,/comics/81928,/comics/65557,/comics/81944,/comics/65305,/comics/77854,/comics/81960,/comics/84270,/comics/77871,/comics/81976,/comics/84286,/comics/77887,/comics/81992,/comics/84302,/comics/77903,/comics/16466,/comics/82008,/comics/84318,/comics/82024,/comics/84334,/comics/17021,/comics/84350,/comics/65666,/comics/65928,/comics/84366,/comics/65221,/comics/17359,/comics/77799,/comics/77815
/comics/78087,/comics/84231,/comics/67336,/comics/82188,/comics/78103,/comics/82204,/comics/20509,/comics/84258,/comics/67622,/comics/78120,/comics/82220,/comics/84274,/comics/78136,/comics/82236,/comics/78153,/comics/82252,/comics/82268,/comics/67180,/comics/67441,/comics/19860,/comics/20147,/comics/84167,/comics/19668,/comics/67543,/comics/84183,/comics/67803,/comics/84199,/comics/19444,/comics/78071,/comics/84215
/comics/67336,/comics/78103,/comics/20509,/comics/67622,/comics/78120,/comics/82220,/comics/78136,/comics/82236,/comics/78153,/comics/82252,/comics/78169,/comics/82268,/comics/78185,/comics/82284,/comics/84334,/comics/67441,/comics/78202,/comics/82300,/comics/84350,/comics/84366,/comics/19860,/comics/84382,/comics/84398,/comics/20147,/comics/20667,/comics/84414,/comics/68044,/comics/19668,/comics/67543,/comics/67803
/comics/21510,/comics/84494,/comics/68122,/comics/84511,/comics/68406,/comics/68678,/comics/68207,/comics/78198,/comics/21118,/comics/78215,/comics/82312,/comics/21395,/comics/78231,/comics/82328,/comics/78247,/comics/82344,/comics/21675,/comics/78263,/comics/82360,/comics/68027,/comics/78279,/comics/82376,/comics/84430,/comics/68567,/comics/82392,/comics/84446,/comics/20961,/comics/68330,/comics/84462,/comics/84478
/comics/84482,/comics/22788,/comics/23813,/comics/84498,/comics/84515,/comics/69670,/comics/78380,/comics/84531,/comics/78396,/comics/82492,/comics/84549,/comics/78412,/comics/82508,/comics/84565,/comics/69974,/comics/82524,/comics/78429,/comics/22626,/comics/84581,/comics/82540,/comics/78445,/comics/69742,/comics/82556,/comics/78461,/comics/82572,/comics/78478,/comics/82588,/comics/23979,/comics/69558,/comics/22990
/comics/69908,/comics/78372,/comics/82468,/comics/22572,/comics/78388,/comics/82484,/comics/78404,/comics/82500,/comics/69709,/comics/78420,/comics/82516,/comics/82532,/comics/78437,/comics/69489,/comics/82548,/comics/78453,/comics/82564,/comics/78469,/comics/84617,/comics/82580,/comics/84633,/comics/22937,/comics/69796,/comics/84653,/comics/23738,/comics/84669,/comics/84685,/comics/84701,/comics/69598,/comics/84717
/comics/70912,/comics/78623,/comics/84777,/comics/82732,/comics/78639,/comics/26167,/comics/84793,/comics/82748,/comics/78655,/comics/84809,/comics/82764,/comics/78671,/comics/25939,/comics/84825,/comics/82780,/comics/78687,/comics/84841,/comics/82796,/comics/78703,/comics/71030,/comics/84859,/comics/82812,/comics/78719,/comics/71047,/comics/82828,/comics/71066,/comics/71084,/comics/71101,/comics/27075,/comics/26363
/comics/82696,/comics/78603,/comics/26125,/comics/82712,/comics/78619,/comics/70685,/comics/82728,/comics/78635,/comics/25653,/comics/82744,/comics/78651,/comics/25408,/comics/82760,/comics/78667,/comics/82776,/comics/78683,/comics/70498,/comics/82792,/comics/71025,/comics/26485,/comics/71043,/comics/71061,/comics/71079,/comics/25258,/comics/82664,/comics/78570,/comics/70895,/comics/82680,/comics/25848,/comics/78587
/comics/82952,/comics/29450,/comics/78859,/comics/82968,/comics/78875,/comics/82984,/comics/78891,/comics/83000,/comics/78907,/comics/83016,/comics/78923,/comics/71248,/comics/83032,/comics/78939,/comics/71264,/comics/83048,/comics/78955,/comics/71282,/comics/30325,/comics/83064,/comics/71300,/comics/29321,/comics/71317,/comics/71334,/comics/30120,/comics/71350,/comics/71368,/comics/29641,/comics/29898,/comics/29139
/comics/71435,/comics/30745,/comics/71451,/comics/71467,/comics/31038,/comics/83048,/comics/78955,/comics/30325,/comics/83064,/comics/78971,/comics/83080,/comics/78987,/comics/83096,/comics/79003,/comics/83112,/comics/30120,/comics/79019,/comics/71350,/comics/83128,/comics/79035,/comics/71368,/comics/83144,/comics/79051,/comics/31439,/comics/83161,/comics/71386,/comics/79067,/comics/83177,/comics/71402,/comics/71418
/comics/71431,/comics/71447,/comics/31003,/comics/71463,/comics/30507,/comics/30252,/comics/78951,/comics/83060,/comics/78967,/comics/83076,/comics/78983,/comics/30862,/comics/83092,/comics/78999,/comics/31386,/comics/83108,/comics/79015,/comics/71346,/comics/83124,/comics/79031,/comics/31160,/comics/71364,/comics/83140,/comics/79047,/comics/83156,/comics/71382,/comics/79063,/comics/30682,/comics/71398,/comics/71414
/comics/71698,/comics/33298,/comics/33050,/comics/71718,/comics/34101,/comics/83273,/comics/79179,/comics/83289,/comics/79195,/comics/83305,/comics/79211,/comics/83321,/comics/79227,/comics/83337,/comics/79243,/comics/83353,/comics/79259,/comics/71590,/comics/83369,/comics/79276,/comics/71607,/comics/83385,/comics/79294,/comics/33731,/comics/71626,/comics/71642,/comics/32739,/comics/71659,/comics/33531,/comics/71676
/comics/71694,/comics/71714,/comics/71730,/comics/71746,/comics/71765,/comics/34676,/comics/79223,/comics/83333,/comics/79239,/comics/83349,/comics/33685,/comics/79255,/comics/83365,/comics/79271,/comics/34479,/comics/83381,/comics/79289,/comics/83397,/comics/79306,/comics/33998,/comics/83413,/comics/33493,/comics/71638,/comics/79322,/comics/33246,/comics/83429,/comics/71655,/comics/79338,/comics/83445,/comics/71672
/comics/37383,/comics/71958,/comics/71974,/comics/36907,/comics/71991,/comics/79421,/comics/83525,/comics/79437,/comics/83541,/comics/79453,/comics/36190,/comics/36705,/comics/83557,/comics/79469,/comics/83573,/comics/79485,/comics/83589,/comics/79501,/comics/83605,/comics/79518,/comics/83621,/comics/37288,/comics/79534,/comics/36015,/comics/83637,/comics/71869,/comics/71886,/comics/71903,/comics/71920,/comics/37627
/comics/79618,/comics/38670,/comics/79636,/comics/79653,/comics/37926,/comics/79669,/comics/72028,/comics/83806,/comics/38499,/comics/72044,/comics/83822,/comics/72060,/comics/83838,/comics/39296,/comics/72076,/comics/83854,/comics/38042,/comics/72094,/comics/83870,/comics/39079,/comics/83886,/comics/72114,/comics/83902,/comics/79554,/comics/72132,/comics/83918,/comics/79570,/comics/79586,/comics/38892,/comics/79602
/comics/79879,/comics/42760,/comics/72460,/comics/42512,/comics/79895,/comics/40984,/comics/41241,/comics/72741,/comics/79911,/comics/72488,/comics/42024,/comics/79927,/comics/84030,/comics/72514,/comics/72537,/comics/72562,/comics/42371,/comics/72592,/comics/79783,/comics/72621,/comics/79799,/comics/79815,/comics/72659,/comics/79831,/comics/41692,/comics/79847,/comics/72689,/comics/41459,/comics/79863,/comics/42237
/comics/72723,/comics/79891,/comics/79907,/comics/44075,/comics/73264,/comics/79923,/comics/73282,/comics/79939,/comics/72775,/comics/43336,/comics/73298,/comics/79955,/comics/79971,/comics/43889,/comics/79987,/comics/42355,/comics/73080,/comics/80003,/comics/72840,/comics/80019,/comics/80035,/comics/72614,/comics/42671,/comics/176,/comics/42181,/comics/72654,/comics/72931,/comics/42468,/comics/72680,/comics/43509
/comics/72713,/comics/79887,/comics/72475,/comics/79903,/comics/79919,/comics/84022,/comics/72504,/comics/72761,/comics/79935,/comics/72526,/comics/72547,/comics/72574,/comics/42624,/comics/40836,/comics/41348,/comics/72604,/comics/79775,/comics/41887,/comics/40612,/comics/79791,/comics/79807,/comics/72641,/comics/79823,/comics/42449,/comics/72407,/comics/72671,/comics/79839,/comics/79855,/comics/72438,/comics/79871
/comics/80135,/comics/44560,/comics/80151,/comics/45084,/comics/1062,/comics/80167,/comics/571,/comics/834,/comics/337,/comics/73318,/comics/73334,/comics/73350,/comics/73366,/comics/1176,/comics/44963,/comics/676,/comics/73382,/comics/73398,/comics/45750,/comics/80055,/comics/953,/comics/446,/comics/73415,/comics/80071,/comics/73431,/comics/80087,/comics/80103,/comics/45550,/comics/80119,/comics/45309
/comics/1025,/comics/73487,/comics/80143,/comics/1310,/comics/73503,/comics/80159,/comics/80175,/comics/45627,/comics/80191,/comics/80207,/comics/46933,/comics/1117,/comics/80223,/comics/46696,/comics/80239,/comics/45426,/comics/80255,/comics/899,/comics/73374,/comics/73390,/comics/1213,/comics/73406,/comics/46029,/comics/73423,/comics/1501,/comics/73439,/comics/73455,/comics/45814,/comics/73471,/comics/80127
/comics/2051,/comics/73507,/comics/47913,/comics/47665,/comics/73523,/comics/2358,/comics/47418,/comics/47165,/comics/73539,/comics/1871,/comics/73555,/comics/2141,/comics/73571,/comics/73587,/comics/73603,/comics/80259,/comics/73619,/comics/80275,/comics/47003,/comics/1949,/comics/48545,/comics/80291,/comics/80307,/comics/80323,/comics/1745,/comics/80339,/comics/48351,/comics/80355,/comics/48105,/comics/2282
/comics/80648,/comics/4111,/comics/74515,/comics/74262,/comics/80664,/comics/80680,/comics/74045,/comics/74326,/comics/53090,/comics/3942,/comics/4213,/comics/52347,/comics/74116,/comics/74376,/comics/52878,/comics/51616,/comics/4523,/comics/51893,/comics/80568,/comics/52154,/comics/52666,/comics/74433,/comics/4034,/comics/4296,/comics/80584,/comics/74185,/comics/80600,/comics/74472,/comics/80616,/comics/80632
/comics/4100,/comics/80644,/comics/53255,/comics/74251,/comics/74512,/comics/80660,/comics/4374,/comics/80676,/comics/53556,/comics/80693,/comics/80709,/comics/53061,/comics/74316,/comics/4686,/comics/52815,/comics/4180,/comics/52309,/comics/74584,/comics/74353,/comics/4479,/comics/52103,/comics/74413,/comics/4271,/comics/74161,/comics/74676,/comics/80596,/comics/74466,/comics/80612,/comics/80628,/comics/4601
/comics/6401,/comics/75781,/comics/80905,/comics/80921,/comics/56865,/comics/56359,/comics/80937,/comics/6701,/comics/6961,/comics/75826,/comics/80953,/comics/80969,/comics/6487,/comics/80985,/comics/57701,/comics/81001,/comics/56682,/comics/6254,/comics/81017,/comics/75664,/comics/6806,/comics/7067,/comics/75681,/comics/75700,/comics/57273,/comics/56511,/comics/6600,/comics/75721,/comics/75737,/comics/57074
/comics/80901,/comics/56330,/comics/75277,/comics/80917,/comics/80933,/comics/75565,/comics/6466,/comics/56646,/comics/55889,/comics/6227,/comics/75611,/comics/5736,/comics/75627,/comics/54896,/comics/55412,/comics/56442,/comics/75644,/comics/75660,/comics/55704,/comics/75418,/comics/75677,/comics/80821,/comics/80837,/comics/6090,/comics/80853,/comics/5850,/comics/6372,/comics/80869,/comics/5610,/comics/80885
/comics/81153,/comics/7940,/comics/59142,/comics/76050,/comics/7451,/comics/76077,/comics/7230,/comics/57920,/comics/76104,/comics/7764,/comics/8025,/comics/75877,/comics/76147,/comics/58995,/comics/7542,/comics/75911,/comics/58251,/comics/7312,/comics/81041,/comics/75937,/comics/81057,/comics/75953,/comics/81073,/comics/7610,/comics/81089,/comics/81105,/comics/81121,/comics/76012,/comics/81137,/comics/58109
/comics/76552,/comics/9496,/comics/76574,/comics/61218,/comics/60992,/comics/60739,/comics/76612,/comics/76635,/comics/10338,/comics/76414,/comics/60549,/comics/81289,/comics/9365,/comics/81305,/comics/76453,/comics/81321,/comics/9653,/comics/81337,/comics/60857,/comics/10172,/comics/81353,/comics/10447,/comics/61391,/comics/76501,/comics/81369,/comics/81385,/comics/9966,/comics/60655,/comics/76528,/comics/81401
/comics/76548,/comics/81413,/comics/60938,/comics/76567,/comics/10285,/comics/60718,/comics/76603,/comics/10563,/comics/9809,/comics/76631,/comics/61275,/comics/76649,/comics/9616,/comics/81301,/comics/61083,/comics/76445,/comics/60832,/comics/81317,/comics/76723,/comics/81333,/comics/61369,/comics/76474,/comics/10430,/comics/81349,/comics/81365,/comics/81381,/comics/76518,/comics/9457,/comics/81397,/comics/61181
/comics/76801,/comics/81413,/comics/12052,/comics/81429,/comics/76834,/comics/81445,/comics/62258,/comics/11828,/comics/11061,/comics/81461,/comics/10563,/comics/81477,/comics/81493,/comics/76887,/comics/10851,/comics/81509,/comics/76649,/comics/11626,/comics/76916,/comics/81525,/comics/81541,/comics/76937,/comics/61580,/comics/61839,/comics/76723,/comics/11463,/comics/76999,/comics/62161,/comics/77032,/comics/61937
/comics/77576,/comics/81673,/comics/77592,/comics/81689,/comics/81705,/comics/63023,/comics/13104,/comics/81721,/comics/62781,/comics/13374,/comics/63571,/comics/63331,/comics/77167,/comics/12928,/comics/77196,/comics/13974,/comics/12700,/comics/77220,/comics/13226,/comics/77238,/comics/81593,/comics/63419,/comics/81609,/comics/13777,/comics/81625,/comics/77544,/comics/81641,/comics/77295,/comics/77560,/comics/81657
/comics/77580,/comics/77596,/comics/64294,/comics/77612,/comics/81709,/comics/77628,/comics/14908,/comics/81725,/comics/14151,/comics/77644,/comics/81741,/comics/63829,/comics/77660,/comics/81757,/comics/77676,/comics/81773,/comics/64113,/comics/14714,/comics/63610,/comics/77692,/comics/81789,/comics/81805,/comics/64401,/comics/81821,/comics/14516,/comics/64193,/comics/15044,/comics/14312,/comics/63984,/comics/63731
/comics/65047,/comics/64547,/comics/64294,/comics/84044,/comics/84060,/comics/77676,/comics/84076,/comics/77692,/comics/64893,/comics/64641,/comics/15242,/comics/77708,/comics/81805,/comics/64401,/comics/77724,/comics/81821,/comics/16040,/comics/77740,/comics/81837,/comics/77756,/comics/81853,/comics/16321,/comics/15044,/comics/64713,/comics/77772,/comics/81869,/comics/81885,/comics/15596,/comics/81901,/comics/15860
/comics/17680,/comics/65564,/comics/77856,/comics/65831,/comics/77872,/comics/81977,/comics/17212,/comics/77888,/comics/81993,/comics/77904,/comics/66133,/comics/82009,/comics/77920,/comics/82025,/comics/18028,/comics/77936,/comics/17528,/comics/82041,/comics/65667,/comics/82057,/comics/65930,/comics/84112,/comics/84128,/comics/84144,/comics/17841,/comics/84160,/comics/84176,/comics/66272,/comics/84192,/comics/66034
/comics/78084,/comics/82185,/comics/84236,/comics/82201,/comics/66844,/comics/19249,/comics/18482,/comics/19004,/comics/66658,/comics/67171,/comics/18835,/comics/66991,/comics/78000,/comics/66738,/comics/67253,/comics/82105,/comics/84156,/comics/78016,/comics/82121,/comics/84172,/comics/78032,/comics/82137,/comics/84188,/comics/19420,/comics/78052,/comics/82153,/comics/84204,/comics/78068,/comics/82169,/comics/84220
/comics/19712,/comics/67343,/comics/78104,/comics/20517,/comics/67624,/comics/78121,/comics/82221,/comics/78137,/comics/20283,/comics/82237,/comics/78154,/comics/84299,/comics/82253,/comics/67918,/comics/78170,/comics/84315,/comics/82269,/comics/78186,/comics/84331,/comics/82285,/comics/67443,/comics/84347,/comics/82301,/comics/84363,/comics/19863,/comics/84379,/comics/20153,/comics/20672,/comics/67553,/comics/67810
/comics/78337,/comics/82433,/comics/68367,/comics/82449,/comics/68636,/comics/68941,/comics/21338,/comics/21609,/comics/22144,/comics/84355,/comics/84371,/comics/68766,/comics/84387,/comics/78256,/comics/82353,/comics/84403,/comics/78272,/comics/82369,/comics/84419,/comics/78288,/comics/82385,/comics/84435,/comics/21982,/comics/78304,/comics/82401,/comics/84451,/comics/21475,/comics/21734,/comics/78321,/comics/82417
/comics/84487,/comics/20999,/comics/84503,/comics/20517,/comics/67624,/comics/84520,/comics/68149,/comics/78137,/comics/84538,/comics/20283,/comics/78154,/comics/84554,/comics/82253,/comics/67918,/comics/78170,/comics/82269,/comics/20837,/comics/78186,/comics/82285,/comics/78203,/comics/82301,/comics/78220,/comics/82317,/comics/82333,/comics/20153,/comics/20672,/comics/68050,/comics/67553,/comics/67810,/comics/84471
/comics/69638,/comics/23558,/comics/78377,/comics/78393,/comics/82489,/comics/78409,/comics/82505,/comics/84558,/comics/82521,/comics/78426,/comics/22619,/comics/84574,/comics/69731,/comics/82537,/comics/78442,/comics/84590,/comics/82553,/comics/78458,/comics/84606,/comics/82569,/comics/84622,/comics/23956,/comics/69532,/comics/84638,/comics/69806,/comics/22980,/comics/69327,/comics/23790,/comics/22771,/comics/23295
/comics/70402,/comics/24117,/comics/70203,/comics/84802,/comics/84818,/comics/84834,/comics/84852,/comics/78458,/comics/84868,/comics/82569,/comics/78474,/comics/24716,/comics/84884,/comics/23956,/comics/70037,/comics/82585,/comics/78491,/comics/82601,/comics/78507,/comics/25008,/comics/82617,/comics/78523,/comics/82633,/comics/78539,/comics/24530,/comics/82649,/comics/78555,/comics/70113,/comics/82665,/comics/24301
/comics/78604,/comics/82713,/comics/78620,/comics/70687,/comics/82729,/comics/78636,/comics/25901,/comics/82745,/comics/78652,/comics/82761,/comics/78668,/comics/82777,/comics/78684,/comics/82793,/comics/78700,/comics/26486,/comics/82809,/comics/78716,/comics/70783,/comics/71044,/comics/82825,/comics/84884,/comics/71063,/comics/84900,/comics/71080,/comics/27048,/comics/27314,/comics/71097,/comics/26304,/comics/70896
/comics/70920,/comics/26893,/comics/78624,/comics/82733,/comics/78640,/comics/26169,/comics/82749,/comics/78656,/comics/82765,/comics/78672,/comics/26707,/comics/82781,/comics/78688,/comics/82797,/comics/78704,/comics/71031,/comics/82813,/comics/78720,/comics/71048,/comics/82829,/comics/78736,/comics/71067,/comics/82845,/comics/71085,/comics/70831,/comics/26552,/comics/71102,/comics/71120,/comics/27099,/comics/27369
/comics/82945,/comics/78852,/comics/82961,/comics/78868,/comics/82977,/comics/78884,/comics/28708,/comics/71209,/comics/82993,/comics/78900,/comics/71225,/comics/29753,/comics/83009,/comics/78916,/comics/29254,/comics/71241,/comics/83025,/comics/78932,/comics/71257,/comics/83041,/comics/29033,/comics/71275,/comics/28535,/comics/71292,/comics/71310,/comics/71326,/comics/29395,/comics/78820,/comics/82929,/comics/78836
/comics/30747,/comics/78892,/comics/83001,/comics/78908,/comics/83017,/comics/78924,/comics/83033,/comics/78940,/comics/30559,/comics/83049,/comics/78956,/comics/83065,/comics/78972,/comics/30333,/comics/71301,/comics/83081,/comics/78988,/comics/71318,/comics/83097,/comics/79004,/comics/71335,/comics/83113,/comics/30124,/comics/71351,/comics/30903,/comics/71369,/comics/71387,/comics/29664,/comics/71403,/comics/29940
/comics/71436,/comics/30747,/comics/31039,/comics/78924,/comics/83033,/comics/78940,/comics/30559,/comics/83049,/comics/78956,/comics/83065,/comics/78972,/comics/30333,/comics/83081,/comics/78988,/comics/83097,/comics/79004,/comics/71335,/comics/83113,/comics/79020,/comics/30124,/comics/71351,/comics/30903,/comics/83129,/comics/79036,/comics/71369,/comics/83145,/comics/71387,/comics/71403,/comics/29940,/comics/71419
/comics/83206,/comics/79112,/comics/32020,/comics/83222,/comics/79128,/comics/31524,/comics/83238,/comics/71464,/comics/79144,/comics/32558,/comics/83254,/comics/79160,/comics/83270,/comics/79176,/comics/71502,/comics/83286,/comics/79192,/comics/71518,/comics/71535,/comics/31856,/comics/71552,/comics/71568,/comics/71587,/comics/71604,/comics/32215,/comics/79064,/comics/83174,/comics/79080,/comics/83190,/comics/79096
/comics/71690,/comics/71709,/comics/71727,/comics/71743,/comics/71762,/comics/34650,/comics/79220,/comics/33653,/comics/34429,/comics/83330,/comics/79236,/comics/33159,/comics/83346,/comics/79252,/comics/83362,/comics/79268,/comics/34213,/comics/83378,/comics/79285,/comics/83394,/comics/79303,/comics/83410,/comics/71635,/comics/79319,/comics/83426,/comics/71652,/comics/79335,/comics/33003,/comics/83442,/comics/71669
/comics/37632,/comics/71959,/comics/37406,/comics/71975,/comics/36916,/comics/71992,/comics/72009,/comics/72025,/comics/79454,/comics/36191,/comics/36708,/comics/83558,/comics/79470,/comics/83574,/comics/79486,/comics/83590,/comics/79502,/comics/83606,/comics/79519,/comics/83622,/comics/79535,/comics/83638,/comics/36539,/comics/79551,/comics/83654,/comics/71887,/comics/79567,/comics/71904,/comics/71924,/comics/37883
/comics/72202,/comics/83979,/comics/79633,/comics/39451,/comics/79650,/comics/79666,/comics/38461,/comics/79682,/comics/79698,/comics/72276,/comics/79714,/comics/39014,/comics/79731,/comics/72326,/comics/72073,/comics/83851,/comics/72091,/comics/83867,/comics/83883,/comics/72110,/comics/83899,/comics/72128,/comics/83915,/comics/38618,/comics/83931,/comics/72162,/comics/83947,/comics/79599,/comics/83963,/comics/79615
/comics/84745,/comics/73488,/comics/84762,/comics/73504,/comics/1834,/comics/84778,/comics/73520,/comics/84794,/comics/1596,/comics/73536,/comics/84810,/comics/73552,/comics/2131,/comics/73568,/comics/46944,/comics/80240,/comics/46707,/comics/80256,/comics/80272,/comics/1938,/comics/80288,/comics/80304,/comics/1720,/comics/80320,/comics/48071,/comics/1507,/comics/47593,/comics/2031,/comics/84726,/comics/47869
/comics/44807,/comics/72981,/comics/43555,/comics/40,/comics/44584,/comics/73271,/comics/73287,/comics/79944,/comics/73303,/comics/79960,/comics/72796,/comics/358,/comics/73319,/comics/79976,/comics/79992,/comics/43385,/comics/44156,/comics/80008,/comics/80024,/comics/73115,/comics/72868,/comics/43941,/comics/80040,/comics/80056,/comics/43202,/comics/454,/comics/80072,/comics/43726,/comics/214,/comics/42993
/comics/73472,/comics/80128,/comics/1030,/comics/80144,/comics/790,/comics/80160,/comics/1317,/comics/80176,/comics/80192,/comics/80208,/comics/45652,/comics/1118,/comics/80224,/comics/616,/comics/1398,/comics/45431,/comics/903,/comics/73359,/comics/73375,/comics/46508,/comics/73391,/comics/46267,/comics/73407,/comics/73424,/comics/46033,/comics/73440,/comics/1507,/comics/73456,/comics/80112,/comics/45052
/comics/44807,/comics/80136,/comics/45322,/comics/80152,/comics/45085,/comics/80168,/comics/44584,/comics/1065,/comics/576,/comics/837,/comics/73303,/comics/358,/comics/73319,/comics/73335,/comics/73351,/comics/73367,/comics/1179,/comics/73383,/comics/684,/comics/44977,/comics/73399,/comics/80056,/comics/45752,/comics/955,/comics/454,/comics/73416,/comics/80072,/comics/80088,/comics/80104,/comics/80120
/comics/73484,/comics/1295,/comics/1814,/comics/46870,/comics/1564,/comics/73500,/comics/73516,/comics/73532,/comics/80188,/comics/73548,/comics/80204,/comics/46668,/comics/80220,/comics/80236,/comics/80252,/comics/46208,/comics/1921,/comics/46469,/comics/80268,/comics/80284,/comics/1694,/comics/47265,/comics/1193,/comics/80300,/comics/47548,/comics/1477,/comics/47052,/comics/73436,/comics/73452,/comics/73468
/comics/80384,/comics/80400,/comics/2348,/comics/2623,/comics/73552,/comics/2131,/comics/48731,/comics/73568,/comics/73584,/comics/49270,/comics/73600,/comics/49031,/comics/2443,/comics/73616,/comics/1938,/comics/48530,/comics/73632,/comics/73648,/comics/80304,/comics/73664,/comics/80320,/comics/48071,/comics/2253,/comics/80336,/comics/80352,/comics/47593,/comics/2031,/comics/80368,/comics/2548,/comics/47869
/comics/51200,/comics/3852,/comics/51469,/comics/51985,/comics/51740,/comics/74016,/comics/3638,/comics/74061,/comics/51030,/comics/73825,/comics/80492,/comics/3440,/comics/80508,/comics/80525,/comics/3987,/comics/74135,/comics/80541,/comics/73889,/comics/3754,/comics/80557,/comics/50873,/comics/80573,/comics/73932,/comics/50636,/comics/80589,/comics/74205,/comics/80605,/comics/50407,/comics/73971,/comics/3323
/comics/80641,/comics/4357,/comics/74501,/comics/80657,/comics/52754,/comics/53529,/comics/80674,/comics/80690,/comics/54071,/comics/74562,/comics/80706,/comics/74820,/comics/4681,/comics/80722,/comics/4952,/comics/80738,/comics/4453,/comics/74341,/comics/53862,/comics/80754,/comics/53402,/comics/74660,/comics/4261,/comics/74409,/comics/4804,/comics/53189,/comics/5074,/comics/74460,/comics/4582,/comics/74729
/comics/80898,/comics/80914,/comics/75545,/comics/56602,/comics/5919,/comics/80930,/comics/55596,/comics/55852,/comics/56108,/comics/6450,/comics/80946,/comics/5686,/comics/6205,/comics/55375,/comics/55122,/comics/75608,/comics/75624,/comics/56431,/comics/75377,/comics/75657,/comics/6542,/comics/75674,/comics/75692,/comics/6071,/comics/80834,/comics/6342,/comics/80850,/comics/80866,/comics/56296,/comics/80882
/comics/80902,/comics/80918,/comics/56342,/comics/80934,/comics/5933,/comics/75568,/comics/80950,/comics/6470,/comics/80966,/comics/56657,/comics/55891,/comics/75612,/comics/6239,/comics/75629,/comics/56444,/comics/75645,/comics/75661,/comics/75678,/comics/6570,/comics/75697,/comics/57021,/comics/75718,/comics/6093,/comics/75734,/comics/80854,/comics/5860,/comics/6374,/comics/80870,/comics/80886,/comics/6650
/comics/56579,/comics/6425,/comics/80926,/comics/75809,/comics/57129,/comics/80942,/comics/57902,/comics/75836,/comics/80958,/comics/6733,/comics/80974,/comics/80990,/comics/75874,/comics/81006,/comics/75892,/comics/56950,/comics/57724,/comics/81022,/comics/81038,/comics/56723,/comics/75670,/comics/75687,/comics/57516,/comics/7095,/comics/75708,/comics/6862,/comics/75726,/comics/6612,/comics/75743,/comics/57323
/comics/81166,/comics/76306,/comics/81182,/comics/76323,/comics/60453,/comics/76071,/comics/8490,/comics/81198,/comics/76340,/comics/81214,/comics/76101,/comics/59717,/comics/81230,/comics/76371,/comics/81246,/comics/76142,/comics/81262,/comics/60019,/comics/60283,/comics/76173,/comics/59540,/comics/59297,/comics/8136,/comics/76234,/comics/76261,/comics/7910,/comics/58861,/comics/59885,/comics/81134,/comics/81150
/comics/76553,/comics/9503,/comics/76319,/comics/76576,/comics/8739,/comics/9251,/comics/76336,/comics/60230,/comics/76362,/comics/59984,/comics/60753,/comics/81242,/comics/81258,/comics/81274,/comics/76416,/comics/9862,/comics/81290,/comics/60557,/comics/81306,/comics/76454,/comics/81322,/comics/61102,/comics/9657,/comics/81338,/comics/81354,/comics/60367,/comics/76502,/comics/81370,/comics/76529,/comics/9979
/comics/76807,/comics/76553,/comics/81418,/comics/81434,/comics/9503,/comics/76576,/comics/61219,/comics/81450,/comics/76613,/comics/60753,/comics/76636,/comics/10590,/comics/10342,/comics/76665,/comics/61311,/comics/9862,/comics/81322,/comics/61102,/comics/9657,/comics/81338,/comics/81354,/comics/76748,/comics/10451,/comics/76502,/comics/81370,/comics/10717,/comics/81386,/comics/76529,/comics/81402,/comics/9979
/comics/12292,/comics/62225,/comics/76819,/comics/11558,/comics/77101,/comics/81454,/comics/81470,/comics/76874,/comics/81486,/comics/12119,/comics/81502,/comics/61791,/comics/11367,/comics/76905,/comics/81518,/comics/81534,/comics/76928,/comics/62347,/comics/81550,/comics/81566,/comics/62114,/comics/76970,/comics/11947,/comics/61882,/comics/11714,/comics/61655,/comics/77018,/comics/62434,/comics/11003,/comics/77053
/comics/77581,/comics/77597,/comics/77613,/comics/81710,/comics/77629,/comics/14910,/comics/81726,/comics/14152,/comics/77645,/comics/81742,/comics/63830,/comics/77661,/comics/81758,/comics/77677,/comics/81774,/comics/64117,/comics/77693,/comics/81790,/comics/14720,/comics/77709,/comics/81806,/comics/15257,/comics/81822,/comics/64414,/comics/14009,/comics/64199,/comics/14543,/comics/63986,/comics/14324,/comics/63738
/comics/14606,/comics/64029,/comics/64571,/comics/77633,/comics/77649,/comics/14932,/comics/77665,/comics/81762,/comics/77681,/comics/81778,/comics/77697,/comics/81794,/comics/64130,/comics/84105,/comics/77713,/comics/81810,/comics/84121,/comics/14748,/comics/77729,/comics/81826,/comics/64675,/comics/84137,/comics/81842,/comics/84153,/comics/64443,/comics/81858,/comics/84169,/comics/84185,/comics/64218,/comics/15324
/comics/77826,/comics/81922,/comics/16642,/comics/84233,/comics/65289,/comics/81938,/comics/15640,/comics/84260,/comics/65069,/comics/84276,/comics/65378,/comics/64917,/comics/77729,/comics/65186,/comics/64675,/comics/77745,/comics/81842,/comics/77761,/comics/81858,/comics/84169,/comics/77777,/comics/81874,/comics/84185,/comics/77793,/comics/81890,/comics/84201,/comics/77809,/comics/81906,/comics/64755,/comics/84217
/comics/82178,/comics/78093,/comics/82194,/comics/78109,/comics/67102,/comics/82210,/comics/78126,/comics/82226,/comics/67382,/comics/78142,/comics/19775,/comics/82242,/comics/82258,/comics/84312,/comics/84328,/comics/19567,/comics/84344,/comics/67201,/comics/84360,/comics/67480,/comics/84376,/comics/84392,/comics/19126,/comics/84408,/comics/78045,/comics/20193,/comics/67300,/comics/78061,/comics/82162,/comics/78077
/comics/66817,/comics/18946,/comics/18461,/comics/84300,/comics/18000,/comics/66390,/comics/84316,/comics/84332,/comics/84348,/comics/77949,/comics/18825,/comics/84364,/comics/77965,/comics/82070,/comics/84380,/comics/77981,/comics/82086,/comics/66728,/comics/84396,/comics/77997,/comics/18095,/comics/82102,/comics/78013,/comics/66494,/comics/66240,/comics/82118,/comics/78029,/comics/82134,/comics/18647,/comics/82150
/comics/78346,/comics/82442,/comics/84492,/comics/78362,/comics/82458,/comics/84508,/comics/22048,/comics/82474,/comics/84525,/comics/68684,/comics/69211,/comics/22622,/comics/21863,/comics/69009,/comics/22436,/comics/21695,/comics/78281,/comics/84428,/comics/22229,/comics/78297,/comics/82394,/comics/68571,/comics/84444,/comics/78314,/comics/82410,/comics/84460,/comics/78330,/comics/82426,/comics/69116,/comics/84476
/comics/78338,/comics/82434,/comics/78354,/comics/82450,/comics/78370,/comics/82466,/comics/22309,/comics/22568,/comics/84521,/comics/78386,/comics/82482,/comics/69175,/comics/84539,/comics/78402,/comics/82498,/comics/84555,/comics/78418,/comics/82514,/comics/68950,/comics/84571,/comics/82530,/comics/23141,/comics/84587,/comics/84603,/comics/84619,/comics/22927,/comics/69276,/comics/69580,/comics/69347,/comics/78322
/comics/71428,/comics/30991,/comics/71445,/comics/31511,/comics/71461,/comics/71481,/comics/71499,/comics/30846,/comics/78981,/comics/31624,/comics/31377,/comics/83090,/comics/78997,/comics/83106,/comics/79013,/comics/31153,/comics/83122,/comics/79029,/comics/83138,/comics/79045,/comics/83154,/comics/71380,/comics/79061,/comics/30677,/comics/83171,/comics/71396,/comics/79077,/comics/83187,/comics/71412,/comics/79093
/comics/84755,/comics/78613,/comics/82722,/comics/84771,/comics/78629,/comics/82738,/comics/84787,/comics/70965,/comics/78645,/comics/82754,/comics/78661,/comics/82770,/comics/78677,/comics/70750,/comics/82786,/comics/78693,/comics/26221,/comics/82802,/comics/71037,/comics/71054,/comics/71073,/comics/26788,/comics/26021,/comics/25790,/comics/70855,/comics/84687,/comics/26578,/comics/84703,/comics/84719,/comics/84735
/comics/70154,/comics/23831,/comics/24603,/comics/84775,/comics/84791,/comics/84807,/comics/24401,/comics/84823,/comics/70242,/comics/69987,/comics/84839,/comics/78447,/comics/24179,/comics/69751,/comics/84857,/comics/82558,/comics/78463,/comics/84873,/comics/82574,/comics/78480,/comics/82590,/comics/78496,/comics/70058,/comics/82606,/comics/78512,/comics/82622,/comics/78528,/comics/82638,/comics/24015,/comics/69853
/comics/27415,/comics/27940,/comics/26954,/comics/78677,/comics/82786,/comics/78693,/comics/27241,/comics/82802,/comics/78709,/comics/82818,/comics/78725,/comics/84869,/comics/71054,/comics/82834,/comics/78741,/comics/84885,/comics/71073,/comics/82850,/comics/26788,/comics/78757,/comics/84901,/comics/71090,/comics/82866,/comics/78773,/comics/82882,/comics/71107,/comics/26578,/comics/71125,/comics/28121,/comics/71142
/comics/78849,/comics/82958,/comics/78865,/comics/29974,/comics/82974,/comics/29215,/comics/78881,/comics/82990,/comics/78897,/comics/83006,/comics/78913,/comics/71238,/comics/83022,/comics/78929,/comics/29010,/comics/29525,/comics/71254,/comics/83038,/comics/78945,/comics/71272,/comics/83054,/comics/71288,/comics/71306,/comics/71323,/comics/71340,/comics/29367,/comics/30170,/comics/78833,/comics/82942,/comics/29694
/comics/78849,/comics/82958,/comics/28686,/comics/78865,/comics/82974,/comics/29215,/comics/78881,/comics/71206,/comics/82990,/comics/78897,/comics/71222,/comics/83006,/comics/78913,/comics/71238,/comics/83022,/comics/28496,/comics/29010,/comics/29525,/comics/71254,/comics/71272,/comics/71288,/comics/71306,/comics/29367,/comics/78801,/comics/82910,/comics/78817,/comics/82926,/comics/78833,/comics/82942,/comics/29694
/comics/79105,/comics/83215,/comics/71441,/comics/79121,/comics/83231,/comics/71457,/comics/79137,/comics/32291,/comics/83247,/comics/79153,/comics/71476,/comics/71495,/comics/71511,/comics/31320,/comics/71528,/comics/32115,/comics/71544,/comics/31117,/comics/79025,/comics/83134,/comics/79041,/comics/31940,/comics/83150,/comics/79057,/comics/83167,/comics/79073,/comics/83183,/comics/79089,/comics/31739,/comics/83199
/comics/71696,/comics/79145,/comics/83255,/comics/79161,/comics/83271,/comics/79177,/comics/83287,/comics/79193,/comics/83303,/comics/79209,/comics/32877,/comics/83319,/comics/79225,/comics/71553,/comics/83335,/comics/79241,/comics/32395,/comics/71569,/comics/83351,/comics/79257,/comics/71588,/comics/33700,/comics/83367,/comics/79274,/comics/71605,/comics/32711,/comics/71624,/comics/71640,/comics/33508,/comics/71674
/comics/71955,/comics/71972,/comics/36902,/comics/71988,/comics/83523,/comics/72006,/comics/79435,/comics/83539,/comics/79451,/comics/37213,/comics/83555,/comics/79467,/comics/83571,/comics/79483,/comics/83587,/comics/36489,/comics/79499,/comics/83603,/comics/79516,/comics/36000,/comics/83619,/comics/79532,/comics/83635,/comics/71867,/comics/79548,/comics/71884,/comics/71901,/comics/37613,/comics/71918,/comics/37372
/comics/71964,/comics/71980,/comics/37934,/comics/37684,/comics/71997,/comics/72014,/comics/72030,/comics/83808,/comics/72046,/comics/83824,/comics/72062,/comics/83840,/comics/37505,/comics/79491,/comics/36999,/comics/83595,/comics/79507,/comics/83611,/comics/79524,/comics/83627,/comics/38321,/comics/79540,/comics/83643,/comics/79556,/comics/38085,/comics/37325,/comics/79572,/comics/79588,/comics/79604,/comics/71929
/comics/38400,/comics/79625,/comics/79643,/comics/72231,/comics/79659,/comics/79675,/comics/79691,/comics/38742,/comics/79707,/comics/72050,/comics/83828,/comics/39542,/comics/72066,/comics/83844,/comics/72082,/comics/83860,/comics/72100,/comics/83876,/comics/83892,/comics/38581,/comics/72121,/comics/83908,/comics/39368,/comics/72144,/comics/83924,/comics/79576,/comics/83940,/comics/79592,/comics/79608,/comics/72189
/comics/38400,/comics/79625,/comics/79643,/comics/72231,/comics/79659,/comics/79675,/comics/79691,/comics/38742,/comics/79707,/comics/39792,/comics/72050,/comics/39542,/comics/72066,/comics/83844,/comics/72082,/comics/83860,/comics/72100,/comics/83876,/comics/83892,/comics/38581,/comics/72121,/comics/83908,/comics/39368,/comics/72144,/comics/83924,/comics/83940,/comics/79592,/comics/83956,/comics/79608,/comics/72189
/comics/79881,/comics/72982,/comics/79897,/comics/79913,/comics/72750,/comics/47,/comics/42291,/comics/42547,/comics/73272,/comics/79929,/comics/42042,/comics/73288,/comics/79945,/comics/73304,/comics/79961,/comics/72801,/comics/79977,/comics/79993,/comics/80009,/comics/42387,/comics/72596,/comics/80025,/comics/73124,/comics/72869,/comics/80041,/comics/72625,/comics/43216,/comics/72662,/comics/220,/comics/72699
/comics/72708,/comics/43780,/comics/79885,/comics/43291,/comics/79901,/comics/72993,/comics/79917,/comics/72758,/comics/43066,/comics/79933,/comics/41538,/comics/79949,/comics/43608,/comics/79965,/comics/72544,/comics/72812,/comics/79981,/comics/72569,/comics/79997,/comics/80013,/comics/42126,/comics/72600,/comics/73129,/comics/43444,/comics/72886,/comics/72638,/comics/42437,/comics/72669,/comics/79853,/comics/79869
/comics/73481,/comics/80137,/comics/45581,/comics/1552,/comics/80153,/comics/80169,/comics/45353,/comics/1074,/comics/45111,/comics/80185,/comics/46143,/comics/838,/comics/80201,/comics/1360,/comics/80217,/comics/46437,/comics/80233,/comics/73368,/comics/1188,/comics/73384,/comics/696,/comics/73400,/comics/45759,/comics/73417,/comics/975,/comics/73433,/comics/73449,/comics/1268,/comics/73465,/comics/80121
/comics/47616,/comics/80385,/comics/47875,/comics/47116,/comics/47385,/comics/2353,/comics/73521,/comics/73537,/comics/73553,/comics/2136,/comics/73569,/comics/73585,/comics/73601,/comics/49034,/comics/2444,/comics/73617,/comics/80273,/comics/1943,/comics/73633,/comics/80289,/comics/80305,/comics/80321,/comics/48324,/comics/2254,/comics/80337,/comics/48081,/comics/80353,/comics/80369,/comics/2034,/comics/2551
/comics/48391,/comics/80393,/comics/49929,/comics/73744,/comics/49432,/comics/80409,/comics/2594,/comics/48930,/comics/80425,/comics/49206,/comics/80441,/comics/49723,/comics/73791,/comics/80457,/comics/2383,/comics/2910,/comics/2672,/comics/73609,/comics/73625,/comics/73641,/comics/73657,/comics/2490,/comics/73681,/comics/3029,/comics/50145,/comics/2788,/comics/73704,/comics/80361,/comics/80377,/comics/48638
/comics/74240,/comics/80642,/comics/4357,/comics/74501,/comics/80658,/comics/52764,/comics/80674,/comics/53538,/comics/80690,/comics/74303,/comics/80707,/comics/52292,/comics/4166,/comics/4682,/comics/74572,/comics/80723,/comics/4453,/comics/74342,/comics/53405,/comics/4263,/comics/74411,/comics/74668,/comics/53189,/comics/4814,/comics/80594,/comics/74460,/comics/80610,/comics/4584,/comics/80626,/comics/4091
/comics/4629,/comics/74777,/comics/80667,/comics/4901,/comics/74534,/comics/80683,/comics/5168,/comics/80699,/comics/4415,/comics/53312,/comics/54339,/comics/80715,/comics/80731,/comics/74844,/comics/80747,/comics/74609,/comics/4725,/comics/80763,/comics/53124,/comics/80779,/comics/5291,/comics/4540,/comics/74943,/comics/74440,/comics/53706,/comics/74699,/comics/4313,/comics/52967,/comics/74477,/comics/53500
/comics/80903,/comics/56853,/comics/80919,/comics/80935,/comics/5936,/comics/80951,/comics/80967,/comics/80983,/comics/55896,/comics/75613,/comics/80999,/comics/6251,/comics/75630,/comics/75646,/comics/56459,/comics/75662,/comics/6800,/comics/75679,/comics/57257,/comics/75698,/comics/55732,/comics/6590,/comics/75719,/comics/6096,/comics/75735,/comics/80855,/comics/5861,/comics/80871,/comics/75760,/comics/80887
/comics/80927,/comics/6434,/comics/75810,/comics/57130,/comics/80943,/comics/57903,/comics/80959,/comics/6981,/comics/75850,/comics/6735,/comics/80975,/comics/56399,/comics/80991,/comics/75875,/comics/81007,/comics/81023,/comics/56966,/comics/6536,/comics/57742,/comics/81039,/comics/75671,/comics/75689,/comics/57517,/comics/7100,/comics/75710,/comics/75727,/comics/6614,/comics/75744,/comics/6890,/comics/57328
/comics/80927,/comics/6434,/comics/75810,/comics/57130,/comics/80943,/comics/57903,/comics/80959,/comics/6981,/comics/75850,/comics/6735,/comics/80975,/comics/80991,/comics/75875,/comics/81007,/comics/75898,/comics/81023,/comics/56966,/comics/6536,/comics/57742,/comics/81039,/comics/75671,/comics/75689,/comics/57517,/comics/7100,/comics/75710,/comics/75727,/comics/6614,/comics/75744,/comics/6890,/comics/57328
/comics/8456,/comics/81163,/comics/76303,/comics/59667,/comics/81179,/comics/76060,/comics/7711,/comics/8742,/comics/81195,/comics/7990,/comics/81211,/comics/76098,/comics/81227,/comics/58706,/comics/58972,/comics/8292,/comics/76134,/comics/59516,/comics/76170,/comics/8604,/comics/8107,/comics/7865,/comics/76226,/comics/59094,/comics/76251,/comics/81115,/comics/58851,/comics/81131,/comics/76026,/comics/81147
/comics/76804,/comics/81415,/comics/61199,/comics/81431,/comics/76569,/comics/61469,/comics/11296,/comics/81447,/comics/76845,/comics/81463,/comics/10301,/comics/76606,/comics/11071,/comics/81479,/comics/10571,/comics/76633,/comics/76892,/comics/61285,/comics/76661,/comics/10873,/comics/61848,/comics/61599,/comics/61094,/comics/10161,/comics/10690,/comics/61380,/comics/76744,/comics/81367,/comics/81383,/comics/81399
/comics/11267,/comics/81411,/comics/11782,/comics/81427,/comics/76826,/comics/81443,/comics/62245,/comics/81459,/comics/10550,/comics/81475,/comics/10826,/comics/11595,/comics/76880,/comics/81491,/comics/81507,/comics/76646,/comics/76913,/comics/81523,/comics/61826,/comics/76935,/comics/61575,/comics/10646,/comics/76707,/comics/11432,/comics/61363,/comics/76991,/comics/62152,/comics/61920,/comics/76778,/comics/61695
/comics/77574,/comics/81671,/comics/77590,/comics/81687,/comics/77606,/comics/81703,/comics/63015,/comics/14387,/comics/77622,/comics/81719,/comics/63543,/comics/63288,/comics/63803,/comics/77638,/comics/81735,/comics/81751,/comics/64088,/comics/81767,/comics/63121,/comics/77217,/comics/13735,/comics/63663,/comics/14259,/comics/77236,/comics/81623,/comics/77542,/comics/81639,/comics/77293,/comics/77558,/comics/81655
/comics/15106,/comics/14613,/comics/14362,/comics/77602,/comics/63790,/comics/77618,/comics/64050,/comics/77634,/comics/81731,/comics/84042,/comics/77650,/comics/81747,/comics/84058,/comics/77666,/comics/81763,/comics/64355,/comics/84074,/comics/77682,/comics/81779,/comics/14199,/comics/84090,/comics/77698,/comics/81795,/comics/64133,/comics/81811,/comics/63893,/comics/81827,/comics/14757,/comics/64444,/comics/64223
/comics/77839,/comics/81935,/comics/66064,/comics/81951,/comics/77862,/comics/81967,/comics/77878,/comics/81983,/comics/65346,/comics/65604,/comics/77894,/comics/84038,/comics/81999,/comics/65873,/comics/77910,/comics/84054,/comics/16983,/comics/82015,/comics/77926,/comics/84070,/comics/82031,/comics/17283,/comics/65680,/comics/65948,/comics/17564,/comics/65491,/comics/17130,/comics/77806,/comics/77822,/comics/65279
/comics/65538,/comics/77827,/comics/81923,/comics/84238,/comics/65294,/comics/16657,/comics/77843,/comics/81939,/comics/17185,/comics/81955,/comics/84265,/comics/81971,/comics/84281,/comics/65081,/comics/16197,/comics/15944,/comics/84297,/comics/84313,/comics/84329,/comics/17003,/comics/65398,/comics/64919,/comics/65189,/comics/77762,/comics/16835,/comics/77778,/comics/77794,/comics/81891,/comics/77810,/comics/81907
/comics/84234,/comics/84261,/comics/77866,/comics/66350,/comics/84277,/comics/66106,/comics/77882,/comics/17985,/comics/81987,/comics/84293,/comics/77898,/comics/82003,/comics/84309,/comics/77914,/comics/82019,/comics/65897,/comics/77930,/comics/82035,/comics/77946,/comics/17789,/comics/82051,/comics/77962,/comics/18063,/comics/82067,/comics/66208,/comics/17322,/comics/65969,/comics/65722,/comics/17610,/comics/84218
/comics/68163,/comics/21594,/comics/84329,/comics/68460,/comics/78188,/comics/84345,/comics/78205,/comics/82303,/comics/84361,/comics/78222,/comics/82319,/comics/84377,/comics/78238,/comics/82335,/comics/68257,/comics/84393,/comics/78254,/comics/82351,/comics/84409,/comics/78270,/comics/82367,/comics/84425,/comics/20685,/comics/78286,/comics/82383,/comics/84441,/comics/68061,/comics/82399,/comics/68604,/comics/68349
/comics/78343,/comics/82439,/comics/22030,/comics/78359,/comics/82455,/comics/82471,/comics/21816,/comics/84544,/comics/22605,/comics/84560,/comics/69203,/comics/84576,/comics/84592,/comics/68981,/comics/22392,/comics/84608,/comics/84624,/comics/21662,/comics/84644,/comics/68536,/comics/69306,/comics/78278,/comics/78294,/comics/82391,/comics/69083,/comics/78311,/comics/82407,/comics/78327,/comics/82423,/comics/21498
/comics/78343,/comics/82439,/comics/22030,/comics/82455,/comics/68404,/comics/21816,/comics/68981,/comics/84612,/comics/21391,/comics/84628,/comics/21662,/comics/78246,/comics/84648,/comics/78262,/comics/82359,/comics/68536,/comics/84664,/comics/78278,/comics/82375,/comics/84680,/comics/78294,/comics/82391,/comics/84696,/comics/69083,/comics/78311,/comics/82407,/comics/84712,/comics/78327,/comics/82423,/comics/21498
/comics/23812,/comics/84752,/comics/84768,/comics/84784,/comics/70217,/comics/24148,/comics/69973,/comics/78460,/comics/82571,/comics/78477,/comics/82587,/comics/78493,/comics/70049,/comics/70312,/comics/82603,/comics/78509,/comics/69813,/comics/82619,/comics/78525,/comics/25022,/comics/24777,/comics/82635,/comics/78541,/comics/82651,/comics/84700,/comics/78557,/comics/70122,/comics/84716,/comics/24563,/comics/84732
/comics/24076,/comics/69933,/comics/70192,/comics/69718,/comics/78440,/comics/82551,/comics/23927,/comics/78456,/comics/24961,/comics/82567,/comics/70024,/comics/78472,/comics/70292,/comics/82583,/comics/78489,/comics/82599,/comics/78505,/comics/69802,/comics/84906,/comics/82615,/comics/78521,/comics/24505,/comics/23745,/comics/82631,/comics/78537,/comics/24269,/comics/82647,/comics/70105,/comics/78553,/comics/70397
/comics/71175,/comics/71194,/comics/84772,/comics/71211,/comics/27441,/comics/84788,/comics/27962,/comics/84804,/comics/84820,/comics/27742,/comics/84836,/comics/84854,/comics/28539,/comics/78726,/comics/82835,/comics/78742,/comics/82851,/comics/78758,/comics/82867,/comics/78774,/comics/82883,/comics/78790,/comics/82899,/comics/71126,/comics/78806,/comics/82915,/comics/78822,/comics/71143,/comics/82931,/comics/71159
/comics/82947,/comics/71175,/comics/71194,/comics/71211,/comics/27441,/comics/27962,/comics/71227,/comics/27742,/comics/27254,/comics/28539,/comics/78726,/comics/82835,/comics/78742,/comics/84898,/comics/82851,/comics/78758,/comics/82867,/comics/78774,/comics/82883,/comics/71108,/comics/78790,/comics/82899,/comics/71126,/comics/78806,/comics/82915,/comics/78822,/comics/71143,/comics/82931,/comics/78838,/comics/71159
/comics/71430,/comics/71446,/comics/31001,/comics/30499,/comics/71462,/comics/71483,/comics/71500,/comics/83075,/comics/78982,/comics/30859,/comics/31378,/comics/83091,/comics/78998,/comics/31642,/comics/83107,/comics/79014,/comics/83123,/comics/79030,/comics/31158,/comics/83139,/comics/79046,/comics/83155,/comics/71381,/comics/79062,/comics/83172,/comics/71397,/comics/79078,/comics/83188,/comics/71413,/comics/79094
/comics/82959,/comics/78866,/comics/82975,/comics/78882,/comics/29986,/comics/29219,/comics/82991,/comics/78898,/comics/83007,/comics/78914,/comics/83023,/comics/78930,/comics/71255,/comics/29533,/comics/83039,/comics/78946,/comics/71273,/comics/83055,/comics/78962,/comics/71289,/comics/83071,/comics/78978,/comics/71307,/comics/71324,/comics/71341,/comics/71358,/comics/29377,/comics/71376,/comics/30422,/comics/30183
/comics/83200,/comics/79106,/comics/83216,/comics/79122,/comics/83232,/comics/79138,/comics/32805,/comics/83248,/comics/79154,/comics/83264,/comics/79170,/comics/83280,/comics/79186,/comics/71512,/comics/83296,/comics/79202,/comics/71529,/comics/83312,/comics/79218,/comics/32120,/comics/71545,/comics/71562,/comics/32654,/comics/71580,/comics/71598,/comics/71615,/comics/31945,/comics/71633,/comics/32995,/comics/32495
/comics/83464,/comics/35083,/comics/79373,/comics/83480,/comics/79389,/comics/34083,/comics/35619,/comics/71717,/comics/83496,/comics/71733,/comics/71749,/comics/71768,/comics/34904,/comics/71784,/comics/71800,/comics/71819,/comics/34723,/comics/79275,/comics/83384,/comics/79293,/comics/83400,/comics/79309,/comics/83416,/comics/34522,/comics/79325,/comics/83432,/comics/79341,/comics/83448,/comics/79357,/comics/35326
/comics/37380,/comics/71957,/comics/71973,/comics/36904,/comics/71989,/comics/79420,/comics/83524,/comics/72007,/comics/79436,/comics/83540,/comics/36699,/comics/79452,/comics/83556,/comics/79468,/comics/83572,/comics/79484,/comics/37248,/comics/83588,/comics/79500,/comics/83604,/comics/36502,/comics/79517,/comics/83620,/comics/79533,/comics/36014,/comics/83636,/comics/71868,/comics/71902,/comics/37614,/comics/71919
/comics/38401,/comics/79626,/comics/39190,/comics/79644,/comics/38172,/comics/79660,/comics/79676,/comics/38973,/comics/72019,/comics/72035,/comics/83813,/comics/72051,/comics/83829,/comics/72067,/comics/83845,/comics/37770,/comics/72083,/comics/83861,/comics/72101,/comics/83877,/comics/83893,/comics/38583,/comics/79545,/comics/72122,/comics/83648,/comics/83909,/comics/79561,/comics/79577,/comics/79593,/comics/79609
/comics/38401,/comics/79626,/comics/79644,/comics/38172,/comics/38973,/comics/72003,/comics/72019,/comics/72035,/comics/83813,/comics/72051,/comics/83829,/comics/72067,/comics/83845,/comics/37770,/comics/72083,/comics/83861,/comics/72101,/comics/83877,/comics/79529,/comics/83632,/comics/83893,/comics/38583,/comics/79545,/comics/72122,/comics/37566,/comics/83648,/comics/79561,/comics/79577,/comics/79593,/comics/79609
/comics/72963,/comics/44559,/comics/72736,/comics/73268,/comics/73285,/comics/79942,/comics/328,/comics/72789,/comics/73301,/comics/79958,/comics/73317,/comics/79974,/comics/44138,/comics/73333,/comics/79990,/comics/43909,/comics/80006,/comics/43156,/comics/80022,/comics/73113,/comics/72863,/comics/80038,/comics/43688,/comics/80054,/comics/444,/comics/80070,/comics/201,/comics/44748,/comics/80086,/comics/42744
/comics/80134,/comics/44559,/comics/80150,/comics/45079,/comics/1053,/comics/80166,/comics/569,/comics/830,/comics/328,/comics/73301,/comics/73317,/comics/45940,/comics/73333,/comics/73349,/comics/73365,/comics/1175,/comics/44961,/comics/73381,/comics/949,/comics/73397,/comics/80054,/comics/444,/comics/73414,/comics/80070,/comics/44748,/comics/73430,/comics/80086,/comics/45539,/comics/80102,/comics/80118
/comics/73486,/comics/1302,/comics/73502,/comics/80158,/comics/73518,/comics/80174,/comics/1585,/comics/80190,/comics/46910,/comics/80206,/comics/46683,/comics/80222,/comics/1378,/comics/80238,/comics/80254,/comics/80270,/comics/46486,/comics/1709,/comics/45999,/comics/46259,/comics/1205,/comics/73405,/comics/73422,/comics/1495,/comics/73438,/comics/47080,/comics/73454,/comics/45807,/comics/1014,/comics/73470
/comics/80386,/comics/47627,/comics/80402,/comics/47387,/comics/2357,/comics/1853,/comics/73538,/comics/2635,/comics/73554,/comics/2140,/comics/73570,/comics/73586,/comics/48766,/comics/73602,/comics/49041,/comics/73618,/comics/1944,/comics/73634,/comics/80290,/comics/73650,/comics/80306,/comics/73666,/comics/80322,/comics/48326,/comics/80338,/comics/2261,/comics/80354,/comics/48102,/comics/80370,/comics/2553
/comics/73474,/comics/47627,/comics/73490,/comics/47387,/comics/73506,/comics/73522,/comics/47162,/comics/1853,/comics/1600,/comics/73538,/comics/73554,/comics/2140,/comics/73570,/comics/80226,/comics/73586,/comics/80242,/comics/73602,/comics/80258,/comics/80274,/comics/1944,/comics/80290,/comics/80306,/comics/46773,/comics/80322,/comics/48326,/comics/80338,/comics/2261,/comics/80354,/comics/48102,/comics/1511
/comics/73997,/comics/50982,/comics/74044,/comics/3391,/comics/73810,/comics/3159,/comics/3936,/comics/80486,/comics/50545,/comics/80502,/comics/3703,/comics/74113,/comics/80519,/comics/51337,/comics/73868,/comics/50832,/comics/80535,/comics/50331,/comics/80551,/comics/51879,/comics/80567,/comics/4027,/comics/3517,/comics/74178,/comics/73924,/comics/80583,/comics/3286,/comics/80599,/comics/73958,/comics/3834
/comics/73984,/comics/4100,/comics/74244,/comics/80644,/comics/3591,/comics/74032,/comics/3905,/comics/74316,/comics/51278,/comics/52815,/comics/4180,/comics/52309,/comics/3679,/comics/51819,/comics/74353,/comics/74100,/comics/52098,/comics/51076,/comics/80531,/comics/80547,/comics/4004,/comics/74151,/comics/74413,/comics/4271,/comics/80563,/comics/80579,/comics/80595,/comics/73946,/comics/80611,/comics/80628
/comics/74508,/comics/80676,/comics/53543,/comics/80692,/comics/80708,/comics/53061,/comics/4683,/comics/74828,/comics/54095,/comics/80724,/comics/74582,/comics/80740,/comics/4968,/comics/5232,/comics/80756,/comics/53881,/comics/80772,/comics/54673,/comics/80788,/comics/74906,/comics/74674,/comics/54452,/comics/53206,/comics/74466,/comics/5352,/comics/4585,/comics/54259,/comics/5109,/comics/75003,/comics/74749
/comics/75777,/comics/6674,/comics/56861,/comics/6956,/comics/75825,/comics/58164,/comics/57664,/comics/80968,/comics/7251,/comics/80984,/comics/75868,/comics/81000,/comics/75884,/comics/81016,/comics/57982,/comics/57474,/comics/81032,/comics/75922,/comics/6804,/comics/81048,/comics/75944,/comics/81064,/comics/57264,/comics/81080,/comics/6599,/comics/75720,/comics/75736,/comics/57058,/comics/7161,/comics/57852
/comics/75777,/comics/6674,/comics/80920,/comics/56861,/comics/80936,/comics/6956,/comics/75825,/comics/80952,/comics/57664,/comics/80968,/comics/6474,/comics/80984,/comics/56667,/comics/75868,/comics/81000,/comics/75884,/comics/81016,/comics/57474,/comics/81032,/comics/6804,/comics/75680,/comics/57264,/comics/75699,/comics/6599,/comics/75720,/comics/75736,/comics/57058,/comics/7161,/comics/57852,/comics/6399
/comics/60419,/comics/76304,/comics/59673,/comics/76321,/comics/9253,/comics/8747,/comics/9521,/comics/76338,/comics/81212,/comics/81228,/comics/76367,/comics/60760,/comics/60251,/comics/81244,/comics/60003,/comics/81260,/comics/81276,/comics/9093,/comics/76428,/comics/81292,/comics/60563,/comics/9371,/comics/81308,/comics/8605,/comics/76459,/comics/8898,/comics/76504,/comics/76252,/comics/59868,/comics/60662
/comics/76551,/comics/81416,/comics/9235,/comics/9492,/comics/76570,/comics/61213,/comics/60975,/comics/76607,/comics/10581,/comics/76634,/comics/10337,/comics/61295,/comics/76662,/comics/76413,/comics/81288,/comics/9357,/comics/81304,/comics/76450,/comics/9637,/comics/81320,/comics/81336,/comics/10169,/comics/81352,/comics/10444,/comics/61390,/comics/76500,/comics/81368,/comics/81384,/comics/76524,/comics/81400
/comics/76805,/comics/76551,/comics/81416,/comics/9492,/comics/81432,/comics/76570,/comics/61213,/comics/81448,/comics/60975,/comics/76607,/comics/10581,/comics/76634,/comics/10337,/comics/61295,/comics/76662,/comics/81304,/comics/9637,/comics/81320,/comics/81336,/comics/10169,/comics/10695,/comics/81352,/comics/76745,/comics/10444,/comics/61390,/comics/76500,/comics/81368,/comics/81384,/comics/76524,/comics/81400
/comics/77571,/comics/81668,/comics/63494,/comics/77587,/comics/81684,/comics/14363,/comics/63259,/comics/77603,/comics/13348,/comics/81700,/comics/77619,/comics/81716,/comics/63799,/comics/81732,/comics/81748,/comics/13918,/comics/13176,/comics/63105,/comics/14211,/comics/13717,/comics/63897,/comics/63649,/comics/63395,/comics/77233,/comics/13497,/comics/77539,/comics/81636,/comics/77287,/comics/77555,/comics/81652
/comics/65044,/comics/64534,/comics/64289,/comics/14892,/comics/15409,/comics/77659,/comics/77675,/comics/81772,/comics/14704,/comics/64886,/comics/77691,/comics/81788,/comics/64636,/comics/15231,/comics/64389,/comics/77707,/comics/81804,/comics/16023,/comics/77723,/comics/81820,/comics/77739,/comics/81836,/comics/15023,/comics/64182,/comics/77755,/comics/81852,/comics/77771,/comics/81868,/comics/81884,/comics/15593
/comics/77828,/comics/81924,/comics/65549,/comics/16399,/comics/65295,/comics/81940,/comics/77847,/comics/17187,/comics/81956,/comics/77867,/comics/81972,/comics/65087,/comics/81988,/comics/16202,/comics/15947,/comics/65636,/comics/17011,/comics/65408,/comics/64923,/comics/65202,/comics/77747,/comics/17334,/comics/77763,/comics/16840,/comics/77779,/comics/81876,/comics/77795,/comics/81892,/comics/77811,/comics/81908
/comics/17668,/comics/65799,/comics/77832,/comics/65557,/comics/77854,/comics/81960,/comics/77871,/comics/81976,/comics/77887,/comics/81992,/comics/77903,/comics/66132,/comics/82008,/comics/77919,/comics/84071,/comics/82024,/comics/77935,/comics/84087,/comics/82040,/comics/17021,/comics/65666,/comics/84103,/comics/65928,/comics/82056,/comics/84119,/comics/84135,/comics/84151,/comics/84167,/comics/17359,/comics/66026
/comics/84235,/comics/18444,/comics/84262,/comics/84278,/comics/84294,/comics/66635,/comics/84310,/comics/66910,/comics/84326,/comics/84342,/comics/18809,/comics/18300,/comics/77963,/comics/18066,/comics/82068,/comics/77979,/comics/66718,/comics/82084,/comics/77995,/comics/18606,/comics/66481,/comics/82100,/comics/78011,/comics/82116,/comics/78027,/comics/82132,/comics/78047,/comics/66785,/comics/82148,/comics/82164
/comics/84227,/comics/78107,/comics/84254,/comics/21033,/comics/78124,/comics/84270,/comics/82224,/comics/78140,/comics/84286,/comics/82240,/comics/68165,/comics/78157,/comics/84302,/comics/82256,/comics/78173,/comics/82272,/comics/78189,/comics/82288,/comics/78206,/comics/82304,/comics/67467,/comics/78223,/comics/82320,/comics/82336,/comics/20392,/comics/19918,/comics/20689,/comics/84195,/comics/84211,/comics/68094
/comics/78091,/comics/78107,/comics/19740,/comics/82208,/comics/67369,/comics/78124,/comics/82224,/comics/78140,/comics/82240,/comics/78157,/comics/82256,/comics/78173,/comics/82272,/comics/78189,/comics/82288,/comics/84342,/comics/78206,/comics/82304,/comics/84358,/comics/67467,/comics/82320,/comics/84374,/comics/84390,/comics/20392,/comics/84406,/comics/84422,/comics/19918,/comics/20689,/comics/84438,/comics/68094
/comics/78340,/comics/82436,/comics/84490,/comics/78356,/comics/82452,/comics/84506,/comics/78372,/comics/82468,/comics/84523,/comics/22572,/comics/22317,/comics/78388,/comics/82484,/comics/84541,/comics/69184,/comics/78404,/comics/82500,/comics/84557,/comics/78420,/comics/82516,/comics/84573,/comics/82532,/comics/69489,/comics/22162,/comics/22937,/comics/69067,/comics/69598,/comics/21997,/comics/78324,/comics/84474
/comics/20996,/comics/21565,/comics/21313,/comics/68429,/comics/68704,/comics/84593,/comics/68216,/comics/78202,/comics/84609,/comics/78219,/comics/82316,/comics/84625,/comics/21138,/comics/78235,/comics/82332,/comics/84645,/comics/78251,/comics/82348,/comics/21420,/comics/84661,/comics/78267,/comics/82364,/comics/84677,/comics/78283,/comics/68044,/comics/82380,/comics/21722,/comics/82396,/comics/68576,/comics/68339
/comics/84744,/comics/69397,/comics/78360,/comics/82456,/comics/84761,/comics/78376,/comics/82472,/comics/84777,/comics/78392,/comics/82488,/comics/78408,/comics/82504,/comics/69204,/comics/69719,/comics/82520,/comics/78425,/comics/82536,/comics/78441,/comics/82552,/comics/78457,/comics/82568,/comics/22417,/comics/84677,/comics/69318,/comics/23758,/comics/84693,/comics/84709,/comics/23284,/comics/84725,/comics/69622
/comics/70912,/comics/84737,/comics/84757,/comics/82716,/comics/78623,/comics/84773,/comics/82732,/comics/78639,/comics/84789,/comics/26167,/comics/82748,/comics/78655,/comics/84805,/comics/82764,/comics/78671,/comics/25939,/comics/84821,/comics/82780,/comics/78687,/comics/82796,/comics/78703,/comics/71030,/comics/82812,/comics/71047,/comics/71066,/comics/71084,/comics/71101,/comics/27075,/comics/84721,/comics/26363
/comics/82952,/comics/78859,/comics/71182,/comics/82968,/comics/78875,/comics/71199,/comics/82984,/comics/28207,/comics/71216,/comics/71232,/comics/71248,/comics/71264,/comics/78747,/comics/82856,/comics/78763,/comics/82872,/comics/78779,/comics/27838,/comics/82888,/comics/78795,/comics/29139,/comics/82904,/comics/78811,/comics/71132,/comics/82920,/comics/78827,/comics/71148,/comics/82936,/comics/78843,/comics/71164
/comics/71182,/comics/71199,/comics/28207,/comics/71216,/comics/78699,/comics/82808,/comics/78715,/comics/82824,/comics/78731,/comics/27027,/comics/82840,/comics/78747,/comics/82856,/comics/78763,/comics/27310,/comics/71096,/comics/82872,/comics/78779,/comics/27579,/comics/27838,/comics/82888,/comics/71113,/comics/78795,/comics/82904,/comics/78811,/comics/71132,/comics/82920,/comics/78827,/comics/71148,/comics/71164
/comics/29963,/comics/78895,/comics/30773,/comics/29496,/comics/83004,/comics/78911,/comics/83020,/comics/78927,/comics/83036,/comics/78943,/comics/83052,/comics/78959,/comics/83068,/comics/78975,/comics/71304,/comics/83084,/comics/78991,/comics/30610,/comics/71321,/comics/83100,/comics/79007,/comics/71338,/comics/83116,/comics/30134,/comics/71354,/comics/30918,/comics/71372,/comics/71390,/comics/71406,/comics/29684
/comics/83201,/comics/79107,/comics/31495,/comics/83217,/comics/79123,/comics/83233,/comics/71459,/comics/79139,/comics/32303,/comics/83249,/comics/79155,/comics/71479,/comics/83265,/comics/71497,/comics/71513,/comics/71530,/comics/31344,/comics/71546,/comics/32124,/comics/71563,/comics/71581,/comics/79043,/comics/83152,/comics/79059,/comics/31963,/comics/83169,/comics/79075,/comics/83185,/comics/79091,/comics/32503
/comics/83461,/comics/79370,/comics/71694,/comics/83477,/comics/79386,/comics/71714,/comics/83493,/comics/71730,/comics/34870,/comics/71746,/comics/71765,/comics/71781,/comics/34676,/comics/71797,/comics/33685,/comics/79271,/comics/34479,/comics/83381,/comics/79289,/comics/83397,/comics/35014,/comics/79306,/comics/33998,/comics/35280,/comics/83413,/comics/79322,/comics/83429,/comics/79338,/comics/83445,/comics/79354
/comics/71698,/comics/33298,/comics/71718,/comics/34101,/comics/71734,/comics/71750,/comics/71769,/comics/79227,/comics/83337,/comics/79243,/comics/83353,/comics/79259,/comics/34727,/comics/83369,/comics/79276,/comics/83385,/comics/79294,/comics/33731,/comics/83401,/comics/79310,/comics/83417,/comics/79326,/comics/83433,/comics/71659,/comics/79342,/comics/83449,/comics/34554,/comics/33531,/comics/71676,/comics/34302
/comics/35593,/comics/71958,/comics/79386,/comics/83493,/comics/79402,/comics/36907,/comics/83509,/comics/79421,/comics/83525,/comics/79437,/comics/83541,/comics/79453,/comics/36190,/comics/36705,/comics/83557,/comics/79469,/comics/83573,/comics/79485,/comics/83589,/comics/79501,/comics/83605,/comics/71833,/comics/37288,/comics/71850,/comics/36015,/comics/35765,/comics/71869,/comics/71886,/comics/71903,/comics/71920
/comics/38410,/comics/71970,/comics/38190,/comics/71986,/comics/37180,/comics/72004,/comics/72020,/comics/37973,/comics/72036,/comics/83814,/comics/72052,/comics/83830,/comics/72068,/comics/83846,/comics/79497,/comics/83601,/comics/83862,/comics/79514,/comics/83617,/comics/79530,/comics/37803,/comics/83633,/comics/79546,/comics/83649,/comics/79562,/comics/79578,/comics/37595,/comics/79594,/comics/37364,/comics/79610
/comics/72199,/comics/83978,/comics/79632,/comics/39445,/comics/79649,/comics/79665,/comics/39232,/comics/79681,/comics/79697,/comics/72275,/comics/40029,/comics/79713,/comics/39011,/comics/79730,/comics/79747,/comics/72325,/comics/72090,/comics/39835,/comics/72352,/comics/83882,/comics/72109,/comics/83898,/comics/72127,/comics/83914,/comics/38608,/comics/39641,/comics/83930,/comics/72161,/comics/83946,/comics/83962
/comics/72723,/comics/44075,/comics/73264,/comics/322,/comics/73282,/comics/79939,/comics/72775,/comics/43336,/comics/73298,/comics/79955,/comics/73314,/comics/79971,/comics/43889,/comics/73330,/comics/79987,/comics/73080,/comics/80003,/comics/72840,/comics/80019,/comics/80035,/comics/423,/comics/44715,/comics/42671,/comics/176,/comics/80051,/comics/44468,/comics/80067,/comics/80083,/comics/72931,/comics/43509
/comics/72713,/comics/79887,/comics/72475,/comics/79903,/comics/79919,/comics/72504,/comics/72761,/comics/79935,/comics/43072,/comics/72526,/comics/79951,/comics/79967,/comics/72547,/comics/72821,/comics/72574,/comics/42624,/comics/40836,/comics/41348,/comics/72604,/comics/41887,/comics/79791,/comics/72892,/comics/79807,/comics/72641,/comics/79823,/comics/42449,/comics/72671,/comics/79839,/comics/79855,/comics/79871
/comics/1540,/comics/73479,/comics/80135,/comics/46100,/comics/80151,/comics/1062,/comics/80167,/comics/46636,/comics/80183,/comics/834,/comics/80199,/comics/46413,/comics/80215,/comics/80231,/comics/73366,/comics/1176,/comics/73382,/comics/1449,/comics/73398,/comics/45750,/comics/953,/comics/73415,/comics/73431,/comics/1251,/comics/46819,/comics/73447,/comics/45550,/comics/73463,/comics/80119,/comics/45309
/comics/1290,/comics/73483,/comics/1811,/comics/1561,/comics/73499,/comics/80155,/comics/73515,/comics/80171,/comics/80187,/comics/1092,/comics/46663,/comics/80203,/comics/1369,/comics/46169,/comics/80219,/comics/80235,/comics/80251,/comics/46468,/comics/80267,/comics/1684,/comics/45979,/comics/47262,/comics/73402,/comics/1475,/comics/47048,/comics/73419,/comics/73435,/comics/45793,/comics/73451,/comics/73467
/comics/2051,/comics/73507,/comics/47913,/comics/47665,/comics/73523,/comics/2358,/comics/47418,/comics/47165,/comics/73539,/comics/1871,/comics/73555,/comics/2141,/comics/73571,/comics/73587,/comics/73603,/comics/80259,/comics/73619,/comics/80275,/comics/1949,/comics/48545,/comics/80291,/comics/80307,/comics/80323,/comics/1745,/comics/80339,/comics/48351,/comics/80355,/comics/48105,/comics/2282,/comics/80371
/comics/80395,/comics/49946,/comics/80411,/comics/48669,/comics/73760,/comics/48938,/comics/80427,/comics/2604,/comics/80443,/comics/73793,/comics/49474,/comics/49220,/comics/80459,/comics/80475,/comics/73824,/comics/2914,/comics/80491,/comics/80507,/comics/73611,/comics/73627,/comics/73884,/comics/73643,/comics/73659,/comics/73685,/comics/3044,/comics/80363,/comics/73709,/comics/3314,/comics/80379,/comics/2815
/comics/74752,/comics/74508,/comics/4374,/comics/80676,/comics/53543,/comics/80692,/comics/80708,/comics/53061,/comics/4683,/comics/74833,/comics/80724,/comics/74582,/comics/54106,/comics/80741,/comics/5235,/comics/80757,/comics/4982,/comics/53883,/comics/80773,/comics/80789,/comics/74909,/comics/74674,/comics/54464,/comics/53206,/comics/74466,/comics/4585,/comics/4848,/comics/5112,/comics/54264,/comics/75004
/comics/75277,/comics/75565,/comics/74833,/comics/54106,/comics/75611,/comics/80741,/comics/5736,/comics/54896,/comics/75122,/comics/5235,/comics/55412,/comics/80757,/comics/4982,/comics/80773,/comics/80789,/comics/55704,/comics/75418,/comics/54683,/comics/74909,/comics/80805,/comics/80821,/comics/54464,/comics/80837,/comics/80853,/comics/5850,/comics/5610,/comics/5355,/comics/5112,/comics/54264,/comics/75004
/comics/56834,/comics/57610,/comics/6946,/comics/80933,/comics/75822,/comics/57395,/comics/80949,/comics/6466,/comics/80965,/comics/56646,/comics/80981,/comics/75862,/comics/7007,/comics/80997,/comics/75881,/comics/81013,/comics/56442,/comics/57212,/comics/6787,/comics/81029,/comics/75677,/comics/6564,/comics/56999,/comics/75695,/comics/75716,/comics/7124,/comics/75733,/comics/75752,/comics/57832,/comics/6646
/comics/75808,/comics/57120,/comics/7208,/comics/75834,/comics/80973,/comics/58458,/comics/80989,/comics/75873,/comics/7525,/comics/7272,/comics/81005,/comics/75889,/comics/57723,/comics/81021,/comics/81037,/comics/7576,/comics/75930,/comics/81053,/comics/57510,/comics/75949,/comics/81069,/comics/7091,/comics/81085,/comics/75725,/comics/81101,/comics/58064,/comics/6609,/comics/75742,/comics/57312,/comics/76001
/comics/76544,/comics/10252,/comics/76562,/comics/76326,/comics/76598,/comics/76343,/comics/60472,/comics/9274,/comics/61248,/comics/76626,/comics/76375,/comics/9568,/comics/81249,/comics/81265,/comics/81281,/comics/61067,/comics/81297,/comics/76441,/comics/81313,/comics/60332,/comics/9904,/comics/81329,/comics/60594,/comics/76468,/comics/81345,/comics/81361,/comics/61139,/comics/76509,/comics/81377,/comics/81393
/comics/76548,/comics/60938,/comics/76567,/comics/10285,/comics/60718,/comics/76603,/comics/9809,/comics/76631,/comics/60505,/comics/61275,/comics/76388,/comics/9325,/comics/81269,/comics/81285,/comics/9616,/comics/81301,/comics/61083,/comics/76445,/comics/60832,/comics/81317,/comics/81333,/comics/76474,/comics/81349,/comics/60627,/comics/81365,/comics/81381,/comics/76518,/comics/9195,/comics/9457,/comics/61181
/comics/76801,/comics/76548,/comics/81413,/comics/60938,/comics/81429,/comics/76567,/comics/76834,/comics/81445,/comics/10285,/comics/76603,/comics/10563,/comics/9809,/comics/76631,/comics/61275,/comics/10851,/comics/76649,/comics/61580,/comics/9616,/comics/61083,/comics/60832,/comics/76723,/comics/81333,/comics/61369,/comics/10430,/comics/81349,/comics/81365,/comics/81381,/comics/76518,/comics/81397,/comics/61181
/comics/77576,/comics/81673,/comics/77592,/comics/81689,/comics/77608,/comics/81705,/comics/77624,/comics/81721,/comics/63805,/comics/13374,/comics/77640,/comics/81737,/comics/14416,/comics/63571,/comics/77656,/comics/81753,/comics/64091,/comics/14684,/comics/63331,/comics/81769,/comics/13974,/comics/64153,/comics/63419,/comics/63942,/comics/14286,/comics/13777,/comics/77544,/comics/77295,/comics/77560,/comics/81657
/comics/77576,/comics/64267,/comics/77592,/comics/81689,/comics/77608,/comics/81705,/comics/77624,/comics/81721,/comics/63805,/comics/77640,/comics/81737,/comics/14416,/comics/63571,/comics/77656,/comics/81753,/comics/64091,/comics/14684,/comics/77672,/comics/81769,/comics/77688,/comics/81785,/comics/81801,/comics/14995,/comics/13974,/comics/81817,/comics/64153,/comics/63942,/comics/14286,/comics/13777,/comics/77560
/comics/64547,/comics/64294,/comics/77628,/comics/14908,/comics/84032,/comics/77644,/comics/84048,/comics/77660,/comics/81757,/comics/84064,/comics/77676,/comics/81773,/comics/84080,/comics/64113,/comics/14714,/comics/77692,/comics/81789,/comics/84096,/comics/64641,/comics/15242,/comics/77708,/comics/81805,/comics/64401,/comics/81821,/comics/81837,/comics/14516,/comics/64193,/comics/15044,/comics/14312,/comics/63984
/comics/65794,/comics/77868,/comics/81973,/comics/77884,/comics/81989,/comics/66120,/comics/77900,/comics/82005,/comics/77916,/comics/17502,/comics/82021,/comics/77932,/comics/65907,/comics/82037,/comics/65655,/comics/77948,/comics/82053,/comics/84108,/comics/82069,/comics/17814,/comics/84124,/comics/18090,/comics/84140,/comics/65980,/comics/84156,/comics/66238,/comics/17345,/comics/84172,/comics/84188,/comics/84204
/comics/17921,/comics/84228,/comics/66056,/comics/84255,/comics/77860,/comics/84271,/comics/77876,/comics/65590,/comics/81981,/comics/77892,/comics/81997,/comics/17745,/comics/77908,/comics/82013,/comics/17247,/comics/77924,/comics/66156,/comics/82029,/comics/77940,/comics/18042,/comics/82045,/comics/17543,/comics/65677,/comics/82061,/comics/65943,/comics/84180,/comics/17117,/comics/84196,/comics/17394,/comics/84212
/comics/20245,/comics/67607,/comics/67894,/comics/78150,/comics/20809,/comics/78166,/comics/82265,/comics/78182,/comics/82281,/comics/68211,/comics/78199,/comics/82297,/comics/78216,/comics/82313,/comics/78232,/comics/82329,/comics/67738,/comics/78248,/comics/82345,/comics/84399,/comics/82361,/comics/84415,/comics/68039,/comics/84431,/comics/84447,/comics/20969,/comics/68333,/comics/84463,/comics/20467,/comics/84479
/comics/78100,/comics/20245,/comics/67607,/comics/82201,/comics/78116,/comics/82217,/comics/78133,/comics/67894,/comics/82233,/comics/78150,/comics/82249,/comics/67405,/comics/20047,/comics/78166,/comics/82265,/comics/78182,/comics/82281,/comics/19829,/comics/82297,/comics/84355,/comics/84371,/comics/67738,/comics/84387,/comics/19625,/comics/84403,/comics/84419,/comics/67533,/comics/84435,/comics/20467,/comics/67319
/comics/69638,/comics/78345,/comics/82441,/comics/78361,/comics/82457,/comics/78377,/comics/82473,/comics/78393,/comics/82489,/comics/78409,/comics/82505,/comics/69205,/comics/82521,/comics/78426,/comics/84570,/comics/22619,/comics/82537,/comics/84586,/comics/84602,/comics/84618,/comics/84634,/comics/69532,/comics/84654,/comics/22980,/comics/69327,/comics/22228,/comics/69105,/comics/22771,/comics/78329,/comics/23295
/comics/84741,/comics/69638,/comics/23558,/comics/84758,/comics/78361,/comics/84774,/comics/78377,/comics/82473,/comics/84790,/comics/78393,/comics/82489,/comics/78409,/comics/82505,/comics/69205,/comics/82521,/comics/78426,/comics/22619,/comics/69731,/comics/82537,/comics/78442,/comics/82553,/comics/69532,/comics/69806,/comics/22980,/comics/69327,/comics/84706,/comics/23790,/comics/84722,/comics/22771,/comics/23295
/comics/70402,/comics/24117,/comics/70203,/comics/84838,/comics/70508,/comics/84856,/comics/84872,/comics/78474,/comics/24716,/comics/23956,/comics/70037,/comics/84888,/comics/82585,/comics/78491,/comics/84904,/comics/82601,/comics/78507,/comics/25008,/comics/82617,/comics/78523,/comics/25282,/comics/82633,/comics/78539,/comics/24530,/comics/82649,/comics/78555,/comics/70113,/comics/82665,/comics/78571,/comics/24301
/comics/27905,/comics/26893,/comics/84758,/comics/84774,/comics/84790,/comics/84806,/comics/26707,/comics/84822,/comics/78688,/comics/84838,/comics/82797,/comics/78704,/comics/82813,/comics/78720,/comics/82829,/comics/78736,/comics/71067,/comics/82845,/comics/78752,/comics/71085,/comics/82861,/comics/78768,/comics/82877,/comics/71102,/comics/71120,/comics/27099,/comics/71137,/comics/27369,/comics/27625,/comics/71153
/comics/82945,/comics/78852,/comics/82961,/comics/78868,/comics/71192,/comics/82977,/comics/78884,/comics/28708,/comics/71209,/comics/82993,/comics/78900,/comics/71225,/comics/83009,/comics/78916,/comics/29254,/comics/71241,/comics/71257,/comics/29033,/comics/71275,/comics/28535,/comics/71292,/comics/71310,/comics/78788,/comics/82897,/comics/29395,/comics/78804,/comics/82913,/comics/78820,/comics/82929,/comics/78836
/comics/29970,/comics/78912,/comics/29508,/comics/30793,/comics/83021,/comics/78928,/comics/83037,/comics/78944,/comics/83053,/comics/78960,/comics/83069,/comics/78976,/comics/71305,/comics/83085,/comics/78992,/comics/71322,/comics/83101,/comics/79008,/comics/71339,/comics/83117,/comics/79024,/comics/71355,/comics/83133,/comics/30406,/comics/71374,/comics/30931,/comics/71391,/comics/71407,/comics/29690,/comics/71423
/comics/83202,/comics/71427,/comics/79108,/comics/71444,/comics/71460,/comics/71480,/comics/31806,/comics/71498,/comics/71514,/comics/30841,/comics/31363,/comics/31621,/comics/83089,/comics/78996,/comics/83105,/comics/79012,/comics/83121,/comics/79028,/comics/83137,/comics/79044,/comics/83153,/comics/79060,/comics/30676,/comics/83170,/comics/71395,/comics/79076,/comics/83186,/comics/71411,/comics/79092,/comics/30972
/comics/79112,/comics/32020,/comics/83222,/comics/79128,/comics/83238,/comics/79144,/comics/32558,/comics/83254,/comics/79160,/comics/83270,/comics/79176,/comics/83286,/comics/79192,/comics/71518,/comics/83302,/comics/79208,/comics/71535,/comics/31856,/comics/83318,/comics/79224,/comics/71552,/comics/83334,/comics/71568,/comics/71587,/comics/71604,/comics/71622,/comics/71639,/comics/32215,/comics/71656,/comics/33261
/comics/32516,/comics/79124,/comics/83234,/comics/79140,/comics/83250,/comics/79156,/comics/32830,/comics/83266,/comics/79172,/comics/32331,/comics/83282,/comics/79188,/comics/83298,/comics/79204,/comics/71531,/comics/83314,/comics/79220,/comics/71547,/comics/83330,/comics/79236,/comics/33159,/comics/71564,/comics/32157,/comics/71583,/comics/32685,/comics/71600,/comics/71617,/comics/71635,/comics/71652,/comics/33003
/comics/79363,/comics/83470,/comics/79379,/comics/71704,/comics/83486,/comics/79395,/comics/71723,/comics/34603,/comics/33840,/comics/71739,/comics/34378,/comics/71756,/comics/71774,/comics/71790,/comics/71808,/comics/34960,/comics/71826,/comics/79264,/comics/83374,/comics/79281,/comics/83390,/comics/79299,/comics/83406,/comics/79315,/comics/83422,/comics/79331,/comics/83438,/comics/79347,/comics/34809,/comics/83454
/comics/79619,/comics/79638,/comics/79654,/comics/37928,/comics/79670,/comics/72029,/comics/83807,/comics/72045,/comics/83823,/comics/38514,/comics/72061,/comics/83839,/comics/39304,/comics/72077,/comics/83855,/comics/38044,/comics/72095,/comics/83871,/comics/38318,/comics/83887,/comics/72116,/comics/83903,/comics/79555,/comics/39108,/comics/72133,/comics/83919,/comics/79571,/comics/79587,/comics/72175,/comics/79603
/comics/38157,/comics/71950,/comics/71967,/comics/36643,/comics/71983,/comics/37949,/comics/72000,/comics/37710,/comics/72017,/comics/72033,/comics/83811,/comics/83566,/comics/72049,/comics/83827,/comics/79478,/comics/83582,/comics/79494,/comics/83598,/comics/37521,/comics/79510,/comics/83614,/comics/79527,/comics/83630,/comics/79543,/comics/83646,/comics/79559,/comics/36822,/comics/79575,/comics/37345,/comics/71912
/comics/41477,/comics/72462,/comics/83983,/comics/40725,/comics/39703,/comics/41245,/comics/40990,/comics/83999,/comics/40233,/comics/72490,/comics/84015,/comics/72515,/comics/40515,/comics/72538,/comics/72293,/comics/79718,/comics/79735,/comics/40071,/comics/79752,/comics/72336,/comics/79768,/comics/79784,/comics/72366,/comics/79800,/comics/79816,/comics/72399,/comics/39893,/comics/79832,/comics/72424,/comics/83967
/comics/72707,/comics/43290,/comics/72991,/comics/72755,/comics/43062,/comics/73275,/comics/79932,/comics/44616,/comics/73291,/comics/43595,/comics/79948,/comics/73307,/comics/79964,/comics/42594,/comics/72811,/comics/79980,/comics/114,/comics/79996,/comics/80012,/comics/397,/comics/80028,/comics/43431,/comics/73128,/comics/80044,/comics/72884,/comics/80060,/comics/43969,/comics/44270,/comics/250,/comics/43774
/comics/80140,/comics/1295,/comics/45590,/comics/80156,/comics/44837,/comics/80172,/comics/80188,/comics/1103,/comics/600,/comics/869,/comics/73323,/comics/73339,/comics/46208,/comics/73355,/comics/45200,/comics/73371,/comics/1193,/comics/73387,/comics/73403,/comics/73420,/comics/80076,/comics/73436,/comics/80092,/comics/737,/comics/45796,/comics/45031,/comics/488,/comics/80108,/comics/1006,/comics/80124
/comics/44807,/comics/80136,/comics/45322,/comics/45085,/comics/40,/comics/44584,/comics/576,/comics/837,/comics/73287,/comics/73303,/comics/358,/comics/73319,/comics/73335,/comics/44156,/comics/73351,/comics/73367,/comics/43941,/comics/73383,/comics/80040,/comics/684,/comics/44977,/comics/73399,/comics/80056,/comics/955,/comics/454,/comics/80072,/comics/214,/comics/80088,/comics/80104,/comics/80120
/comics/73484,/comics/1295,/comics/1814,/comics/46870,/comics/1564,/comics/73500,/comics/73516,/comics/80172,/comics/73532,/comics/80188,/comics/80204,/comics/46668,/comics/1103,/comics/80220,/comics/80236,/comics/80252,/comics/46208,/comics/46469,/comics/80268,/comics/80284,/comics/1694,/comics/47265,/comics/1193,/comics/1477,/comics/73420,/comics/47052,/comics/73436,/comics/45796,/comics/73452,/comics/73468
/comics/80400,/comics/3348,/comics/50716,/comics/3104,/comics/80416,/comics/50470,/comics/2858,/comics/73774,/comics/80432,/comics/2623,/comics/80448,/comics/73802,/comics/50251,/comics/80464,/comics/80480,/comics/73837,/comics/80496,/comics/49270,/comics/80512,/comics/50069,/comics/2966,/comics/3224,/comics/49566,/comics/49834,/comics/2734,/comics/73648,/comics/73906,/comics/73664,/comics/73692,/comics/73720
/comics/4352,/comics/80641,/comics/74500,/comics/80657,/comics/52754,/comics/52501,/comics/80673,/comics/80689,/comics/3897,/comics/74302,/comics/51518,/comics/74561,/comics/80705,/comics/4163,/comics/51801,/comics/4444,/comics/74079,/comics/74341,/comics/52090,/comics/53401,/comics/74145,/comics/4261,/comics/74409,/comics/80577,/comics/80593,/comics/74459,/comics/4573,/comics/80609,/comics/80625,/comics/74239
/comics/74302,/comics/51801,/comics/52090,/comics/74145,/comics/80593,/comics/80609,/comics/80625,/comics/74239
