/comics/76261,/comics/7910,/comics/58861,/comics/59885,/comics/81134,/comics/81150
/comics/76553,/comics/9503,/comics/76319,/comics/76576,/comics/8739,/comics/9251,/comics/76336,/comics/60230,/comics/76362,/comics/59984,/comics/60753,/comics/81242,/comics/81258,/comics/81274,/comics/76416,/comics/9862,/comics/81290,/comics/60557,/comics/81306,/comics/76454,/comics/81322,/comics/61102,/comics/9657,/comics/81338,/comics/81354,/comics/60367,/comics/76502,/comics/81370,/comics/76529,/comics/9979
/comics/76807,/comics/76553,/comics/81418,/comics/81434,/comics/9503,/comics/76576,/comics/61219,/comics/81450,/comics/76613,/comics/60753,/comics/76636,/comics/10590,/comics/10342,/comics/76665,/comics/61311,/comics/9862,/comics/81322,/comics/61102,/comics/9657,/comics/81338,/comics/81354,/comics/76748,/comics/10451,/comics/76502,/comics/81370,/comics/10717,/comics/81386,/comics/76529,/comics/81402,/comics/9979
/comics/12292,/comics/62225,/comics/76819,/comics/11558,/comics/77101,/comics/81454,/comics/81470,/comics/76874,/comics/81486,/comics/12119,/comics/81502,/comics/61791,/comics/11367,/comics/76905,/comics/81518,/comics/81534,/comics/76928,/comics/62347,/comics/81550,/comics/81566,/comics/62114,/comics/76970,/comics/11947,/comics/61882,/comics/11714,/comics/61655,/comics/77018,/comics/62434,/comics/11003,/comics/77053
/comics/77581,/comics/77597,/comics/77613,/comics/81710,/comics/77629,/comics/14910,/comics/81726,/comics/14152,/comics/77645,/comics/81742,/comics/63830,/comics/77661,/comics/81758,/comics/77677,/comics/81774,/comics/64117,/comics/77693,/comics/81790,/comics/14720,/comics/77709,/comics/81806,/comics/15257,/comics/81822,/comics/64414,/comics/14009,/comics/64199,/comics/14543,/comics/63986,/comics/14324,/comics/63738
/comics/14606,/comics/64029,/comics/64571,/comics/77633,/comics/77649,/comics/14932,/comics/77665,/comics/81762,/comics/77681,/comics/81778,/comics/77697,/comics/81794,/comics/64130,/comics/84105,/comics/77713,/comics/81810,/comics/84121,/comics/14748,/comics/77729,/comics/81826,/comics/64675,/comics/84137,/comics/81842,/comics/84153,/comics/64443,/comics/81858,/comics/84169,/comics/84185,/comics/64218,/comics/15324
/comics/77826,/comics/81922,/comics/16642,/comics/84233,/comics/65289,/comics/81938,/comics/15640,/comics/84260,/comics/65069,/comics/84276,/comics/65378,/comics/64917,/comics/77729,/comics/65186,/comics/64675,/comics/77745,/comics/81842,/comics/77761,/comics/81858,/comics/84169,/comics/77777,/comics/81874,/comics/84185,/comics/77793,/comics/81890,/comics/84201,/comics/77809,/comics/81906,/comics/64755,/comics/84217
/comics/82178,/comics/78093,/comics/82194,/comics/78109,/comics/67102,/comics/82210,/comics/78126,/comics/82226,/comics/67382,/comics/78142,/comics/19775,/comics/82242,/comics/82258,/comics/84312,/comics/84328,/comics/19567,/comics/84344,/comics/67201,/comics/84360,/comics/67480,/comics/84376,/comics/84392,/comics/19126,/comics/84408,/comics/78045,/comics/20193,/comics/67300,/comics/78061,/comics/82162,/comics/78077
/comics/66817,/comics/18946,/comics/18461,/comics/84300,/comics/18000,/comics/66390,/comics/84316,/comics/84332,/comics/84348,/comics/77949,/comics/18825,/comics/84364,/comics/77965,/comics/82070,/comics/84380,/comics/77981,/comics/82086,/comics/66728,/comics/84396,/comics/77997,/comics/18095,/comics/82102,/comics/78013,/comics/66494,/comics/66240,/comics/82118,/comics/78029,/comics/82134,/comics/18647,/comics/82150
/comics/78346,/comics/82442,/comics/84492,/comics/78362,/comics/82458,/comics/84508,/comics/22048,/comics/82474,/comics/84525,/comics/68684,/comics/69211,/comics/22622,/comics/21863,/comics/69009,/comics/22436,/comics/21695,/comics/78281,/comics/84428,/comics/22229,/comics/78297,/comics/82394,/comics/68571,/comics/84444,/comics/78314,/comics/82410,/comics/84460,/comics/78330,/comics/82426,/comics/69116,/comics/84476
/comics/78338,/comics/82434,/comics/78354,/comics/82450,/comics/78370,/comics/82466,/comics/22309,/comics/22568,/comics/84521,/comics/78386,/comics/82482,/comics/69175,/comics/84539,/comics/78402,/comics/82498,/comics/84555,/comics/78418,/comics/82514,/comics/68950,/comics/84571,/comics/82530,/comics/23141,/comics/84587,/comics/84603,/comics/84619,/comics/22927,/comics/69276,/comics/69580,/comics/69347,/comics/78322
/comics/71428,/comics/30991,/comics/71445,/comics/31511,/comics/71461,/comics/71481,/comics/71499,/comics/30846,/comics/78981,/comics/31624,/comics/31377,/comics/83090,/comics/78997,/comics/83106,/comics/79013,/comics/31153,/comics/83122,/comics/79029,/comics/83138,/comics/79045,/comics/83154,/comics/71380,/comics/79061,/comics/30677,/comics/83171,/comics/71396,/comics/79077,/comics/83187,/comics/71412,/comics/79093
/comics/84755,/comics/78613,/comics/82722,/comics/84771,/comics/78629,/comics/82738,/comics/84787,/comics/70965,/comics/78645,/comics/82754,/comics/78661,/comics/82770,/comics/78677,/comics/70750,/comics/82786,/comics/78693,/comics/26221,/comics/82802,/comics/71037,/comics/71054,/comics/71073,/comics/26788,/comics/26021,/comics/25790,/comics/70855,/comics/84687,/comics/26578,/comics/84703,/comics/84719,/comics/84735
/comics/70154,/comics/23831,/comics/24603,/comics/84775,/comics/84791,/comics/84807,/comics/24401,/comics/84823,/comics/70242,/comics/69987,/comics/84839,/comics/78447,/comics/24179,/comics/69751,/comics/84857,/comics/82558,/comics/78463,/comics/84873,/comics/82574,/comics/78480,/comics/82590,/comics/78496,/comics/70058,/comics/82606,/comics/78512,/comics/82622,/comics/78528,/comics/82638,/comics/24015,/comics/69853
/comics/27415,/comics/27940,/comics/26954,/comics/78677,/comics/82786,/comics/78693,/comics/27241,/comics/82802,/comics/78709,/comics/82818,/comics/78725,/comics/84869,/comics/71054,/comics/82834,/comics/78741,/comics/84885,/comics/71073,/comics/82850,/comics/26788,/comics/78757,/comics/84901,/comics/71090,/comics/82866,/comics/78773,/comics/82882,/comics/71107,/comics/26578,/comics/71125,/comics/28121,/comics/71142
/comics/78849,/comics/82958,/comics/78865,/comics/29974,/comics/82974,/comics/29215,/comics/78881,/comics/82990,/comics/78897,/comics/83006,/comics/78913,/comics/71238,/comics/83022,/comics/78929,/comics/29010,/comics/29525,/comics/71254,/comics/83038,/comics/78945,/comics/71272,/comics/83054,/comics/71288,/comics/71306,/comics/71323,/comics/71340,/comics/29367,/comics/30170,/comics/78833,/comics/82942,/comics/29694
/comics/78849,/comics/82958,/comics/28686,/comics/78865,/comics/82974,/comics/29215,/comics/78881,/comics/71206,/comics/82990,/comics/78897,/comics/71222,/comics/83006,/comics/78913,/comics/71238,/comics/83022,/comics/28496,/comics/29010,/comics/29525,/comics/71254,/comics/71272,/comics/71288,/comics/71306,/comics/29367,/comics/78801,/comics/82910,/comics/78817,/comics/82926,/comics/78833,/comics/82942,/comics/29694
/comics/79105,/comics/83215,/comics/71441,/comics/79121,/comics/83231,/comics/71457,/comics/79137,/comics/32291,/comics/83247,/comics/79153,/comics/71476,/comics/71495,/comics/71511,/comics/31320,/comics/71528,/comics/32115,/comics/71544,/comics/31117,/comics/79025,/comics/83134,/comics/79041,/comics/31940,/comics/83150,/comics/79057,/comics/83167,/comics/79073,/comics/83183,/comics/79089,/comics/31739,/comics/83199
/comics/71696,/comics/79145,/comics/83255,/comics/79161,/comics/83271,/comics/79177,/comics/83287,/comics/79193,/comics/83303,/comics/79209,/comics/32877,/comics/83319,/comics/79225,/comics/71553,/comics/83335,/comics/79241,/comics/32395,/comics/71569,/comics/83351,/comics/79257,/comics/71588,/comics/33700,/comics/83367,/comics/79274,/comics/71605,/comics/32711,/comics/71624,/comics/71640,/comics/33508,/comics/71674
/comics/71955,/comics/71972,/comics/36902,/comics/71988,/comics/83523,/comics/72006,/comics/79435,/comics/83539,/comics/79451,/comics/37213,/comics/83555,/comics/79467,/comics/83571,/comics/79483,/comics/83587,/comics/36489,/comics/79499,/comics/83603,/comics/79516,/comics/36000,/comics/83619,/comics/79532,/comics/83635,/comics/71867,/comics/79548,/comics/71884,/comics/71901,/comics/37613,/comics/71918,/comics/37372
/comics/71964,/comics/71980,/comics/37934,/comics/37684,/comics/71997,/comics/72014,/comics/72030,/comics/83808,/comics/72046,/comics/83824,/comics/72062,/comics/83840,/comics/37505,/comics/79491,/comics/36999,/comics/83595,/comics/79507,/comics/83611,/comics/79524,/comics/83627,/comics/38321,/comics/79540,/comics/83643,/comics/79556,/comics/38085,/comics/37325,/comics/79572,/comics/79588,/comics/79604,/comics/71929
/comics/38400,/comics/79625,/comics/79643,/comics/72231,/comics/79659,/comics/79675,/comics/79691,/comics/38742,/comics/79707,/comics/72050,/comics/83828,/comics/39542,/comics/72066,/comics/83844,/comics/72082,/comics/83860,/comics/72100,/comics/83876,/comics/83892,/comics/38581,/comics/72121,/comics/83908,/comics/39368,/comics/72144,/comics/83924,/comics/79576,/comics/83940,/comics/79592,/comics/79608,/comics/72189
/comics/38400,/comics/79625,/comics/79643,/comics/72231,/comics/79659,/comics/79675,/comics/79691,/comics/38742,/comics/79707,/comics/39792,/comics/72050,/comics/39542,/comics/72066,/comics/83844,/comics/72082,/comics/83860,/comics/72100,/comics/83876,/comics/83892,/comics/38581,/comics/72121,/comics/83908,/comics/39368,/comics/72144,/comics/83924,/comics/83940,/comics/79592,/comics/83956,/comics/79608,/comics/72189
/comics/79881,/comics/72982,/comics/79897,/comics/79913,/comics/72750,/comics/47,/comics/42291,/comics/42547,/comics/73272,/comics/79929,/comics/42042,/comics/73288,/comics/79945,/comics/73304,/comics/79961,/comics/72801,/comics/79977,/comics/79993,/comics/80009,/comics/42387,/comics/72596,/comics/80025,/comics/73124,/comics/72869,/comics/80041,/comics/72625,/comics/43216,/comics/72662,/comics/220,/comics/72699
/comics/72708,/comics/43780,/comics/79885,/comics/43291,/comics/79901,/comics/72993,/comics/79917,/comics/72758,/comics/43066,/comics/79933,/comics/41538,/comics/79949,/comics/43608,/comics/79965,/comics/72544,/comics/72812,/comics/79981,/comics/72569,/comics/79997,/comics/80013,/comics/42126,/comics/72600,/comics/73129,/comics/43444,/comics/72886,/comics/72638,/comics/42437,/comics/72669,/comics/79853,/comics/79869
/comics/73481,/comics/80137,/comics/45581,/comics/1552,/comics/80153,/comics/80169,/comics/45353,/comics/1074,/comics/45111,/comics/80185,/comics/46143,/comics/838,/comics/80201,/comics/1360,/comics/80217,/comics/46437,/comics/80233,/comics/73368,/comics/1188,/comics/73384,/comics/696,/comics/73400,/comics/45759,/comics/73417,/comics/975,/comics/73433,/comics/73449,/comics/1268,/comics/73465,/comics/80121
/comics/47616,/comics/80385,/comics/47875,/comics/47116,/comics/47385,/comics/2353,/comics/73521,/comics/73537,/comics/73553,/comics/2136,/comics/73569,/comics/73585,/comics/73601,/comics/49034,/comics/2444,/comics/73617,/comics/80273,/comics/1943,/comics/73633,/comics/80289,/comics/80305,/comics/80321,/comics/48324,/comics/2254,/comics/80337,/comics/48081,/comics/80353,/comics/80369,/comics/2034,/comics/2551
/comics/48391,/comics/80393,/comics/49929,/comics/73744,/comics/49432,/comics/80409,/comics/2594,/comics/48930,/comics/80425,/comics/49206,/comics/80441,/comics/49723,/comics/73791,/comics/80457,/comics/2383,/comics/2910,/comics/2672,/comics/73609,/comics/73625,/comics/73641,/comics/73657,/comics/2490,/comics/73681,/comics/3029,/comics/50145,/comics/2788,/comics/73704,/comics/80361,/comics/80377,/comics/48638
/comics/74240,/comics/80642,/comics/4357,/comics/74501,/comics/80658,/comics/52764,/comics/80674,/comics/53538,/comics/80690,/comics/74303,/comics/80707,/comics/52292,/comics/4166,/comics/4682,/comics/74572,/comics/80723,/comics/4453,/comics/74342,/comics/53405,/comics/4263,/comics/74411,/comics/74668,/comics/53189,/comics/4814,/comics/80594,/comics/74460,/comics/80610,/comics/4584,/comics/80626,/comics/4091
/comics/4629,/comics/74777,/comics/80667,/comics/4901,/comics/74534,/comics/80683,/comics/5168,/comics/80699,/comics/4415,/comics/53312,/comics/54339,/comics/80715,/comics/80731,/comics/74844,/comics/80747,/comics/74609,/comics/4725,/comics/80763,/comics/53124,/comics/80779,/comics/5291,/comics/4540,/comics/74943,/comics/74440,/comics/53706,/comics/74699,/comics/4313,/comics/52967,/comics/74477,/comics/53500
/comics/80903,/comics/56853,/comics/80919,/comics/80935,/comics/5936,/comics/80951,/comics/80967,/comics/80983,/comics/55896,/comics/75613,/comics/80999,/comics/6251,/comics/75630,/comics/75646,/comics/56459,/comics/75662,/comics/6800,/comics/75679,/comics/57257,/comics/75698,/comics/55732,/comics/6590,/comics/75719,/comics/6096,/comics/75735,/comics/80855,/comics/5861,/comics/80871,/comics/75760,/comics/80887
/comics/80927,/comics/6434,/comics/75810,/comics/57130,/comics/80943,/comics/57903,/comics/80959,/comics/6981,/comics/75850,/comics/6735,/comics/80975,/comics/56399,/comics/80991,/comics/75875,/comics/81007,/comics/81023,/comics/56966,/comics/6536,/comics/57742,/comics/81039,/comics/75671,/comics/75689,/comics/57517,/comics/7100,/comics/75710,/comics/75727,/comics/6614,/comics/75744,/comics/6890,/comics/57328
/comics/80927,/comics/6434,/comics/75810,/comics/57130,/comics/80943,/comics/57903,/comics/80959,/comics/6981,/comics/75850,/comics/6735,/comics/80975,/comics/80991,/comics/75875,/comics/81007,/comics/75898,/comics/81023,/comics/56966,/comics/6536,/comics/57742,/comics/81039,/comics/75671,/comics/75689,/comics/57517,/comics/7100,/comics/75710,/comics/75727,/comics/6614,/comics/75744,/comics/6890,/comics/57328
/comics/8456,/comics/81163,/comics/76303,/comics/59667,/comics/81179,/comics/76060,/comics/7711,/comics/8742,/comics/81195,/comics/7990,/comics/81211,/comics/76098,/comics/81227,/comics/58706,/comics/58972,/comics/8292,/comics/76134,/comics/59516,/comics/76170,/comics/8604,/comics/8107,/comics/7865,/comics/76226,/comics/59094,/comics/76251,/comics/81115,/comics/58851,/comics/81131,/comics/76026,/comics/81147
/comics/76804,/comics/81415,/comics/61199,/comics/81431,/comics/76569,/comics/61469,/comics/11296,/comics/81447,/comics/76845,/comics/81463,/comics/10301,/comics/76606,/comics/11071,/comics/81479,/comics/10571,/comics/76633,/comics/76892,/comics/61285,/comics/76661,/comics/10873,/comics/61848,/comics/61599,/comics/61094,/comics/10161,/comics/10690,/comics/61380,/comics/76744,/comics/81367,/comics/81383,/comics/81399
/comics/11267,/comics/81411,/comics/11782,/comics/81427,/comics/76826,/comics/81443,/comics/62245,/comics/81459,/comics/10550,/comics/81475,/comics/10826,/comics/11595,/comics/76880,/comics/81491,/comics/81507,/comics/76646,/comics/76913,/comics/81523,/comics/61826,/comics/76935,/comics/61575,/comics/10646,/comics/76707,/comics/11432,/comics/61363,/comics/76991,/comics/62152,/comics/61920,/comics/76778,/comics/61695
/comics/77574,/comics/81671,/comics/77590,/comics/81687,/comics/77606,/comics/81703,/comics/63015,/comics/14387,/comics/77622,/comics/81719,/comics/63543,/comics/63288,/comics/63803,/comics/77638,/comics/81735,/comics/81751,/comics/64088,/comics/81767,/comics/63121,/comics/77217,/comics/13735,/comics/63663,/comics/14259,/comics/77236,/comics/81623,/comics/77542,/comics/81639,/comics/77293,/comics/77558,/comics/81655
/comics/15106,/comics/14613,/comics/14362,/comics/77602,/comics/63790,/comics/77618,/comics/64050,/comics/77634,/comics/81731,/comics/84042,/comics/77650,/comics/81747,/comics/84058,/comics/77666,/comics/81763,/comics/64355,/comics/84074,/comics/77682,/comics/81779,/comics/14199,/comics/84090,/comics/77698,/comics/81795,/comics/64133,/comics/81811,/comics/63893,/comics/81827,/comics/14757,/comics/64444,/comics/64223
/comics/77839,/comics/81935,/comics/66064,/comics/81951,/comics/77862,/comics/81967,/comics/77878,/comics/81983,/comics/65346,/comics/65604,/comics/77894,/comics/84038,/comics/81999,/comics/65873,/comics/77910,/comics/84054,/comics/16983,/comics/82015,/comics/77926,/comics/84070,/comics/82031,/comics/17283,/comics/65680,/comics/65948,/comics/17564,/comics/65491,/comics/17130,/comics/77806,/comics/77822,/comics/65279
/comics/65538,/comics/77827,/comics/81923,/comics/84238,/comics/65294,/comics/16657,/comics/77843,/comics/81939,/comics/17185,/comics/81955,/comics/84265,/comics/81971,/comics/84281,/comics/65081,/comics/16197,/comics/15944,/comics/84297,/comics/84313,/comics/84329,/comics/17003,/comics/65398,/comics/64919,/comics/65189,/comics/77762,/comics/16835,/comics/77778,/comics/77794,/comics/81891,/comics/77810,/comics/81907
/comics/84234,/comics/84261,/comics/77866,/comics/66350,/comics/84277,/comics/66106,/comics/77882,/comics/17985,/comics/81987,/comics/84293,/comics/77898,/comics/82003,/comics/84309,/comics/77914,/comics/82019,/comics/65897,/comics/77930,/comics/82035,/comics/77946,/comics/17789,/comics/82051,/comics/77962,/comics/18063,/comics/82067,/comics/66208,/comics/17322,/comics/65969,/comics/65722,/comics/17610,/comics/84218
/comics/68163,/comics/21594,/comics/84329,/comics/68460,/comics/78188,/comics/84345,/comics/78205,/comics/82303,/comics/84361,/comics/78222,/comics/82319,/comics/84377,/comics/78238,/comics/82335,/comics/68257,/comics/84393,/comics/78254,/comics/82351,/comics/84409,/comics/78270,/comics/82367,/comics/84425,/comics/20685,/comics/78286,/comics/82383,/comics/84441,/comics/68061,/comics/82399,/comics/68604,/comics/68349
/comics/78343,/comics/82439,/comics/22030,/comics/78359,/comics/82455,/comics/82471,/comics/21816,/comics/84544,/comics/22605,/comics/84560,/comics/69203,/comics/84576,/comics/84592,/comics/68981,/comics/22392,/comics/84608,/comics/84624,/comics/21662,/comics/84644,/comics/68536,/comics/69306,/comics/78278,/comics/78294,/comics/82391,/comics/69083,/comics/78311,/comics/82407,/comics/78327,/comics/82423,/comics/21498
/comics/78343,/comics/82439,/comics/22030,/comics/82455,/comics/68404,/comics/21816,/comics/68981,/comics/84612,/comics/21391,/comics/84628,/comics/21662,/comics/78246,/comics/84648,/comics/78262,/comics/82359,/comics/68536,/comics/84664,/comics/78278,/comics/82375,/comics/84680,/comics/78294,/comics/82391,/comics/84696,/comics/69083,/comics/78311,/comics/82407,/comics/84712,/comics/78327,/comics/82423,/comics/21498
/comics/23812,/comics/84752,/comics/84768,/comics/84784,/comics/70217,/comics/24148,/comics/69973,/comics/78460,/comics/82571,/comics/78477,/comics/82587,/comics/78493,/comics/70049,/comics/70312,/comics/82603,/comics/78509,/comics/69813,/comics/82619,/comics/78525,/comics/25022,/comics/24777,/comics/82635,/comics/78541,/comics/82651,/comics/84700,/comics/78557,/comics/70122,/comics/84716,/comics/24563,/comics/84732
/comics/24076,/comics/69933,/comics/70192,/comics/69718,/comics/78440,/comics/82551,/comics/23927,/comics/78456,/comics/24961,/comics/82567,/comics/70024,/comics/78472,/comics/70292,/comics/82583,/comics/78489,/comics/82599,/comics/78505,/comics/69802,/comics/84906,/comics/82615,/comics/78521,/comics/24505,/comics/23745,/comics/82631,/comics/78537,/comics/24269,/comics/82647,/comics/70105,/comics/78553,/comics/70397
/comics/71175,/comics/71194,/comics/84772,/comics/71211,/comics/27441,/comics/84788,/comics/27962,/comics/84804,/comics/84820,/comics/27742,/comics/84836,/comics/84854,/comics/28539,/comics/78726,/comics/82835,/comics/78742,/comics/82851,/comics/78758,/comics/82867,/comics/78774,/comics/82883,/comics/78790,/comics/82899,/comics/71126,/comics/78806,/comics/82915,/comics/78822,/comics/71143,/comics/82931,/comics/71159
/comics/82947,/comics/71175,/comics/71194,/comics/71211,/comics/27441,/comics/27962,/comics/71227,/comics/27742,/comics/27254,/comics/28539,/comics/78726,/comics/82835,/comics/78742,/comics/84898,/comics/82851,/comics/78758,/comics/82867,/comics/78774,/comics/82883,/comics/71108,/comics/78790,/comics/82899,/comics/71126,/comics/78806,/comics/82915,/comics/78822,/comics/71143,/comics/82931,/comics/78838,/comics/71159
/comics/71430,/comics/71446,/comics/31001,/comics/30499,/comics/71462,/comics/71483,/comics/71500,/comics/83075,/comics/78982,/comics/30859,/comics/31378,/comics/83091,/comics/78998,/comics/31642,/comics/83107,/comics/79014,/comics/83123,/comics/79030,/comics/31158,/comics/83139,/comics/79046,/comics/83155,/comics/71381,/comics/79062,/comics/83172,/comics/71397,/comics/79078,/comics/83188,/comics/71413,/comics/79094
/comics/82959,/comics/78866,/comics/82975,/comics/78882,/comics/29986,/comics/29219,/comics/82991,/comics/78898,/comics/83007,/comics/78914,/comics/83023,/comics/78930,/comics/71255,/comics/29533,/comics/83039,/comics/78946,/comics/71273,/comics/83055,/comics/78962,/comics/71289,/comics/83071,/comics/78978,/comics/71307,/comics/71324,/comics/71341,/comics/71358,/comics/29377,/comics/71376,/comics/30422,/comics/30183
/comics/83200,/comics/79106,/comics/83216,/comics/79122,/comics/83232,/comics/79138,/comics/32805,/comics/83248,/comics/79154,/comics/83264,/comics/79170,/comics/83280,/comics/79186,/comics/71512,/comics/83296,/comics/79202,/comics/71529,/comics/83312,/comics/79218,/comics/32120,/comics/71545,/comics/71562,/comics/32654,/comics/71580,/comics/71598,/comics/71615,/comics/31945,/comics/71633,/comics/32995,/comics/32495
/comics/83464,/comics/35083,/comics/79373,/comics/83480,/comics/79389,/comics/34083,/comics/35619,/comics/71717,/comics/83496,/comics/71733,/comics/71749,/comics/71768,/comics/34904,/comics/71784,/comics/71800,/comics/71819,/comics/34723,/comics/79275,/comics/83384,/comics/79293,/comics/83400,/comics/79309,/comics/83416,/comics/34522,/comics/79325,/comics/83432,/comics/79341,/comics/83448,/comics/79357,/comics/35326
/comics/37380,/comics/71957,/comics/71973,/comics/36904,/comics/71989,/comics/79420,/comics/83524,/comics/72007,/comics/79436,/comics/83540,/comics/36699,/comics/79452,/comics/83556,/comics/79468,/comics/83572,/comics/79484,/comics/37248,/comics/83588,/comics/79500,/comics/83604,/comics/36502,/comics/79517,/comics/83620,/comics/79533,/comics/36014,/comics/83636,/comics/71868,/comics/71902,/comics/37614,/comics/71919
/comics/38401,/comics/79626,/comics/39190,/comics/79644,/comics/38172,/comics/79660,/comics/79676,/comics/38973,/comics/72019,/comics/72035,/comics/83813,/comics/72051,/comics/83829,/comics/72067,/comics/83845,/comics/37770,/comics/72083,/comics/83861,/comics/72101,/comics/83877,/comics/83893,/comics/38583,/comics/79545,/comics/72122,/comics/83648,/comics/83909,/comics/79561,/comics/79577,/comics/79593,/comics/79609
/comics/38401,/comics/79626,/comics/79644,/comics/38172,/comics/38973,/comics/72003,/comics/72019,/comics/72035,/comics/83813,/comics/72051,/comics/83829,/comics/72067,/comics/83845,/comics/37770,/comics/72083,/comics/83861,/comics/72101,/comics/83877,/comics/79529,/comics/83632,/comics/83893,/comics/38583,/comics/79545,/comics/72122,/comics/37566,/comics/83648,/comics/79561,/comics/79577,/comics/79593,/comics/79609
/comics/72963,/comics/44559,/comics/72736,/comics/73268,/comics/73285,/comics/79942,/comics/328,/comics/72789,/comics/73301,/comics/79958,/comics/73317,/comics/79974,/comics/44138,/comics/73333,/comics/79990,/comics/43909,/comics/80006,/comics/43156,/comics/80022,/comics/73113,/comics/72863,/comics/80038,/comics/43688,/comics/80054,/comics/444,/comics/80070,/comics/201,/comics/44748,/comics/80086,/comics/42744
/comics/80134,/comics/44559,/comics/80150,/comics/45079,/comics/1053,/comics/80166,/comics/569,/comics/830,/comics/328,/comics/73301,/comics/73317,/comics/45940,/comics/73333,/comics/73349,/comics/73365,/comics/1175,/comics/44961,/comics/73381,/comics/949,/comics/73397,/comics/80054,/comics/444,/comics/73414,/comics/80070,/comics/44748,/comics/73430,/comics/80086,/comics/45539,/comics/80102,/comics/80118
/comics/73486,/comics/1302,/comics/73502,/comics/80158,/comics/73518,/comics/80174,/comics/1585,/comics/80190,/comics/46910,/comics/80206,/comics/46683,/comics/80222,/comics/1378,/comics/80238,/comics/80254,/comics/80270,/comics/46486,/comics/1709,/comics/45999,/comics/46259,/comics/1205,/comics/73405,/comics/73422,/comics/1495,/comics/73438,/comics/47080,/comics/73454,/comics/45807,/comics/1014,/comics/73470
/comics/80386,/comics/47627,/comics/80402,/comics/47387,/comics/2357,/comics/1853,/comics/73538,/comics/2635,/comics/73554,/comics/2140,/comics/73570,/comics/73586,/comics/48766,/comics/73602,/comics/49041,/comics/73618,/comics/1944,/comics/73634,/comics/80290,/comics/73650,/comics/80306,/comics/73666,/comics/80322,/comics/48326,/comics/80338,/comics/2261,/comics/80354,/comics/48102,/comics/80370,/comics/2553
/comics/73474,/comics/47627,/comics/73490,/comics/47387,/comics/73506,/comics/73522,/comics/47162,/comics/1853,/comics/1600,/comics/73538,/comics/73554,/comics/2140,/comics/73570,/comics/80226,/comics/73586,/comics/80242,/comics/73602,/comics/80258,/comics/80274,/comics/1944,/comics/80290,/comics/80306,/comics/46773,/comics/80322,/comics/48326,/comics/80338,/comics/2261,/comics/80354,/comics/48102,/comics/1511
/comics/73997,/comics/50982,/comics/74044,/comics/3391,/comics/73810,/comics/3159,/comics/3936,/comics/80486,/comics/50545,/comics/80502,/comics/3703,/comics/74113,/comics/80519,/comics/51337,/comics/73868,/comics/50832,/comics/80535,/comics/50331,/comics/80551,/comics/51879,/comics/80567,/comics/4027,/comics/3517,/comics/74178,/comics/73924,/comics/80583,/comics/3286,/comics/80599,/comics/73958,/comics/3834
/comics/73984,/comics/4100,/comics/74244,/comics/80644,/comics/3591,/comics/74032,/comics/3905,/comics/74316,/comics/51278,/comics/52815,/comics/4180,/comics/52309,/comics/3679,/comics/51819,/comics/74353,/comics/74100,/comics/52098,/comics/51076,/comics/80531,/comics/80547,/comics/4004,/comics/74151,/comics/74413,/comics/4271,/comics/80563,/comics/80579,/comics/80595,/comics/73946,/comics/80611,/comics/80628
/comics/74508,/comics/80676,/comics/53543,/comics/80692,/comics/80708,/comics/53061,/comics/4683,/comics/74828,/comics/54095,/comics/80724,/comics/74582,/comics/80740,/comics/4968,/comics/5232,/comics/80756,/comics/53881,/comics/80772,/comics/54673,/comics/80788,/comics/74906,/comics/74674,/comics/54452,/comics/53206,/comics/74466,/comics/5352,/comics/4585,/comics/54259,/comics/5109,/comics/75003,/comics/74749
/comics/75777,/comics/6674,/comics/56861,/comics/6956,/comics/75825,/comics/58164,/comics/57664,/comics/80968,/comics/7251,/comics/80984,/comics/75868,/comics/81000,/comics/75884,/comics/81016,/comics/57982,/comics/57474,/comics/81032,/comics/75922,/comics/6804,/comics/81048,/comics/75944,/comics/81064,/comics/57264,/comics/81080,/comics/6599,/comics/75720,/comics/75736,/comics/57058,/comics/7161,/comics/57852
/comics/75777,/comics/6674,/comics/80920,/comics/56861,/comics/80936,/comics/6956,/comics/75825,/comics/80952,/comics/57664,/comics/80968,/comics/6474,/comics/80984,/comics/56667,/comics/75868,/comics/81000,/comics/75884,/comics/81016,/comics/57474,/comics/81032,/comics/6804,/comics/75680,/comics/57264,/comics/75699,/comics/6599,/comics/75720,/comics/75736,/comics/57058,/comics/7161,/comics/57852,/comics/6399
/comics/60419,/comics/76304,/comics/59673,/comics/76321,/comics/9253,/comics/8747,/comics/9521,/comics/76338,/comics/81212,/comics/81228,/comics/76367,/comics/60760,/comics/60251,/comics/81244,/comics/60003,/comics/81260,/comics/81276,/comics/9093,/comics/76428,/comics/81292,/comics/60563,/comics/9371,/comics/81308,/comics/8605,/comics/76459,/comics/8898,/comics/76504,/comics/76252,/comics/59868,/comics/60662
/comics/76551,/comics/81416,/comics/9235,/comics/9492,/comics/76570,/comics/61213,/comics/60975,/comics/76607,/comics/10581,/comics/76634,/comics/10337,/comics/61295,/comics/76662,/comics/76413,/comics/81288,/comics/9357,/comics/81304,/comics/76450,/comics/9637,/comics/81320,/comics/81336,/comics/10169,/comics/81352,/comics/10444,/comics/61390,/comics/76500,/comics/81368,/comics/81384,/comics/76524,/comics/81400
/comics/76805,/comics/76551,/comics/81416,/comics/9492,/comics/81432,/comics/76570,/comics/61213,/comics/81448,/comics/60975,/comics/76607,/comics/10581,/comics/76634,/comics/10337,/comics/61295,/comics/76662,/comics/81304,/comics/9637,/comics/81320,/comics/81336,/comics/10169,/comics/10695,/comics/81352,/comics/76745,/comics/10444,/comics/61390,/comics/76500,/comics/81368,/comics/81384,/comics/76524,/comics/81400
/comics/77571,/comics/81668,/comics/63494,/comics/77587,/comics/81684,/comics/14363,/comics/63259,/comics/77603,/comics/13348,/comics/81700,/comics/77619,/comics/81716,/comics/63799,/comics/81732,/comics/81748,/comics/13918,/comics/13176,/comics/63105,/comics/14211,/comics/13717,/comics/63897,/comics/63649,/comics/63395,/comics/77233,/comics/13497,/comics/77539,/comics/81636,/comics/77287,/comics/77555,/comics/81652
/comics/65044,/comics/64534,/comics/64289,/comics/14892,/comics/15409,/comics/77659,/comics/77675,/comics/81772,/comics/14704,/comics/64886,/comics/77691,/comics/81788,/comics/64636,/comics/15231,/comics/64389,/comics/77707,/comics/81804,/comics/16023,/comics/77723,/comics/81820,/comics/77739,/comics/81836,/comics/15023,/comics/64182,/comics/77755,/comics/81852,/comics/77771,/comics/81868,/comics/81884,/comics/15593
/comics/77828,/comics/81924,/comics/65549,/comics/16399,/comics/65295,/comics/81940,/comics/77847,/comics/17187,/comics/81956,/comics/77867,/comics/81972,/comics/65087,/comics/81988,/comics/16202,/comics/15947,/comics/65636,/comics/17011,/comics/65408,/comics/64923,/comics/65202,/comics/77747,/comics/17334,/comics/77763,/comics/16840,/comics/77779,/comics/81876,/comics/77795,/comics/81892,/comics/77811,/comics/81908
/comics/17668,/comics/65799,/comics/77832,/comics/65557,/comics/77854,/comics/81960,/comics/77871,/comics/81976,/comics/77887,/comics/81992,/comics/77903,/comics/66132,/comics/82008,/comics/77919,/comics/84071,/comics/82024,/comics/77935,/comics/84087,/comics/82040,/comics/17021,/comics/65666,/comics/84103,/comics/65928,/comics/82056,/comics/84119,/comics/84135,/comics/84151,/comics/84167,/comics/17359,/comics/66026
/comics/84235,/comics/18444,/comics/84262,/comics/84278,/comics/84294,/comics/66635,/comics/84310,/comics/66910,/comics/84326,/comics/84342,/comics/18809,/comics/18300,/comics/77963,/comics/18066,/comics/82068,/comics/77979,/comics/66718,/comics/82084,/comics/77995,/comics/18606,/comics/66481,/comics/82100,/comics/78011,/comics/82116,/comics/78027,/comics/82132,/comics/78047,/comics/66785,/comics/82148,/comics/82164
/comics/84227,/comics/78107,/comics/84254,/comics/21033,/comics/78124,/comics/84270,/comics/82224,/comics/78140,/comics/84286,/comics/82240,/comics/68165,/comics/78157,/comics/84302,/comics/82256,/comics/78173,/comics/82272,/comics/78189,/comics/82288,/comics/78206,/comics/82304,/comics/67467,/comics/78223,/comics/82320,/comics/82336,/comics/20392,/comics/19918,/comics/20689,/comics/84195,/comics/84211,/comics/68094
/comics/78091,/comics/78107,/comics/19740,/comics/82208,/comics/67369,/comics/78124,/comics/82224,/comics/78140,/comics/82240,/comics/78157,/comics/82256,/comics/78173,/comics/82272,/comics/78189,/comics/82288,/comics/84342,/comics/78206,/comics/82304,/comics/84358,/comics/67467,/comics/82320,/comics/84374,/comics/84390,/comics/20392,/comics/84406,/comics/84422,/comics/19918,/comics/20689,/comics/84438,/comics/68094
/comics/78340,/comics/82436,/comics/84490,/comics/78356,/comics/82452,/comics/84506,/comics/78372,/comics/82468,/comics/84523,/comics/22572,/comics/22317,/comics/78388,/comics/82484,/comics/84541,/comics/69184,/comics/78404,/comics/82500,/comics/84557,/comics/78420,/comics/82516,/comics/84573,/comics/82532,/comics/69489,/comics/22162,/comics/22937,/comics/69067,/comics/69598,/comics/21997,/comics/78324,/comics/84474
/comics/20996,/comics/21565,/comics/21313,/comics/68429,/comics/68704,/comics/84593,/comics/68216,/comics/78202,/comics/84609,/comics/78219,/comics/82316,/comics/84625,/comics/21138,/comics/78235,/comics/82332,/comics/84645,/comics/78251,/comics/82348,/comics/21420,/comics/84661,/comics/78267,/comics/82364,/comics/84677,/comics/78283,/comics/68044,/comics/82380,/comics/21722,/comics/82396,/comics/68576,/comics/68339
/comics/84744,/comics/69397,/comics/78360,/comics/82456,/comics/84761,/comics/78376,/comics/82472,/comics/84777,/comics/78392,/comics/82488,/comics/78408,/comics/82504,/comics/69204,/comics/69719,/comics/82520,/comics/78425,/comics/82536,/comics/78441,/comics/82552,/comics/78457,/comics/82568,/comics/22417,/comics/84677,/comics/69318,/comics/23758,/comics/84693,/comics/84709,/comics/23284,/comics/84725,/comics/69622
/comics/70912,/comics/84737,/comics/84757,/comics/82716,/comics/78623,/comics/84773,/comics/82732,/comics/78639,/comics/84789,/comics/26167,/comics/82748,/comics/78655,/comics/84805,/comics/82764,/comics/78671,/comics/25939,/comics/84821,/comics/82780,/comics/78687,/comics/82796,/comics/78703,/comics/71030,/comics/82812,/comics/71047,/comics/71066,/comics/71084,/comics/71101,/comics/27075,/comics/84721,/comics/26363
/comics/82952,/comics/78859,/comics/71182,/comics/82968,/comics/78875,/comics/71199,/comics/82984,/comics/28207,/comics/71216,/comics/71232,/comics/71248,/comics/71264,/comics/78747,/comics/82856,/comics/78763,/comics/82872,/comics/78779,/comics/27838,/comics/82888,/comics/78795,/comics/29139,/comics/82904,/comics/78811,/comics/71132,/comics/82920,/comics/78827,/comics/71148,/comics/82936,/comics/78843,/comics/71164
/comics/71182,/comics/71199,/comics/28207,/comics/71216,/comics/78699,/comics/82808,/comics/78715,/comics/82824,/comics/78731,/comics/27027,/comics/82840,/comics/78747,/comics/82856,/comics/78763,/comics/27310,/comics/71096,/comics/82872,/comics/78779,/comics/27579,/comics/27838,/comics/82888,/comics/71113,/comics/78795,/comics/82904,/comics/78811,/comics/71132,/comics/82920,/comics/78827,/comics/71148,/comics/71164
/comics/29963,/comics/78895,/comics/30773,/comics/29496,/comics/83004,/comics/78911,/comics/83020,/comics/78927,/comics/83036,/comics/78943,/comics/83052,/comics/78959,/comics/83068,/comics/78975,/comics/71304,/comics/83084,/comics/78991,/comics/30610,/comics/71321,/comics/83100,/comics/79007,/comics/71338,/comics/83116,/comics/30134,/comics/71354,/comics/30918,/comics/71372,/comics/71390,/comics/71406,/comics/29684
/comics/83201,/comics/79107,/comics/31495,/comics/83217,/comics/79123,/comics/83233,/comics/71459,/comics/79139,/comics/32303,/comics/83249,/comics/79155,/comics/71479,/comics/83265,/comics/71497,/comics/71513,/comics/71530,/comics/31344,/comics/71546,/comics/32124,/comics/71563,/comics/71581,/comics/79043,/comics/83152,/comics/79059,/comics/31963,/comics/83169,/comics/79075,/comics/83185,/comics/79091,/comics/32503
/comics/83461,/comics/79370,/comics/71694,/comics/83477,/comics/79386,/comics/71714,/comics/83493,/comics/71730,/comics/34870,/comics/71746,/comics/71765,/comics/71781,/comics/34676,/comics/71797,/comics/33685,/comics/79271,/comics/34479,/comics/83381,/comics/79289,/comics/83397,/comics/35014,/comics/79306,/comics/33998,/comics/35280,/comics/83413,/comics/79322,/comics/83429,/comics/79338,/comics/83445,/comics/79354
/comics/71698,/comics/33298,/comics/71718,/comics/34101,/comics/71734,/comics/71750,/comics/71769,/comics/79227,/comics/83337,/comics/79243,/comics/83353,/comics/79259,/comics/34727,/comics/83369,/comics/79276,/comics/83385,/comics/79294,/comics/33731,/comics/83401,/comics/79310,/comics/83417,/comics/79326,/comics/83433,/comics/71659,/comics/79342,/comics/83449,/comics/34554,/comics/33531,/comics/71676,/comics/34302
/comics/35593,/comics/71958,/comics/79386,/comics/83493,/comics/79402,/comics/36907,/comics/83509,/comics/79421,/comics/83525,/comics/79437,/comics/83541,/comics/79453,/comics/36190,/comics/36705,/comics/83557,/comics/79469,/comics/83573,/comics/79485,/comics/83589,/comics/79501,/comics/83605,/comics/71833,/comics/37288,/comics/71850,/comics/36015,/comics/35765,/comics/71869,/comics/71886,/comics/71903,/comics/71920
/comics/38410,/comics/71970,/comics/38190,/comics/71986,/comics/37180,/comics/72004,/comics/72020,/comics/37973,/comics/72036,/comics/83814,/comics/72052,/comics/83830,/comics/72068,/comics/83846,/comics/79497,/comics/83601,/comics/83862,/comics/79514,/comics/83617,/comics/79530,/comics/37803,/comics/83633,/comics/79546,/comics/83649,/comics/79562,/comics/79578,/comics/37595,/comics/79594,/comics/37364,/comics/79610
/comics/72199,/comics/83978,/comics/79632,/comics/39445,/comics/79649,/comics/79665,/comics/39232,/comics/79681,/comics/79697,/comics/72275,/comics/40029,/comics/79713,/comics/39011,/comics/79730,/comics/79747,/comics/72325,/comics/72090,/comics/39835,/comics/72352,/comics/83882,/comics/72109,/comics/83898,/comics/72127,/comics/83914,/comics/38608,/comics/39641,/comics/83930,/comics/72161,/comics/83946,/comics/83962
/comics/72723,/comics/44075,/comics/73264,/comics/322,/comics/73282,/comics/79939,/comics/72775,/comics/43336,/comics/73298,/comics/79955,/comics/73314,/comics/79971,/comics/43889,/comics/73330,/comics/79987,/comics/73080,/comics/80003,/comics/72840,/comics/80019,/comics/80035,/comics/423,/comics/44715,/comics/42671,/comics/176,/comics/80051,/comics/44468,/comics/80067,/comics/80083,/comics/72931,/comics/43509
/comics/72713,/comics/79887,/comics/72475,/comics/79903,/comics/79919,/comics/72504,/comics/72761,/comics/79935,/comics/43072,/comics/72526,/comics/79951,/comics/79967,/comics/72547,/comics/72821,/comics/72574,/comics/42624,/comics/40836,/comics/41348,/comics/72604,/comics/41887,/comics/79791,/comics/72892,/comics/79807,/comics/72641,/comics/79823,/comics/42449,/comics/72671,/comics/79839,/comics/79855,/comics/79871
/comics/1540,/comics/73479,/comics/80135,/comics/46100,/comics/80151,/comics/1062,/comics/80167,/comics/46636,/comics/80183,/comics/834,/comics/80199,/comics/46413,/comics/80215,/comics/80231,/comics/73366,/comics/1176,/comics/73382,/comics/1449,/comics/73398,/comics/45750,/comics/953,/comics/73415,/comics/73431,/comics/1251,/comics/46819,/comics/73447,/comics/45550,/comics/73463,/comics/80119,/comics/45309
/comics/1290,/comics/73483,/comics/1811,/comics/1561,/comics/73499,/comics/80155,/comics/73515,/comics/80171,/comics/80187,/comics/1092,/comics/46663,/comics/80203,/comics/1369,/comics/46169,/comics/80219,/comics/80235,/comics/80251,/comics/46468,/comics/80267,/comics/1684,/comics/45979,/comics/47262,/comics/73402,/comics/1475,/comics/47048,/comics/73419,/comics/73435,/comics/45793,/comics/73451,/comics/73467
/comics/2051,/comics/73507,/comics/47913,/comics/47665,/comics/73523,/comics/2358,/comics/47418,/comics/47165,/comics/73539,/comics/1871,/comics/73555,/comics/2141,/comics/73571,/comics/73587,/comics/73603,/comics/80259,/comics/73619,/comics/80275,/comics/1949,/comics/48545,/comics/80291,/comics/80307,/comics/80323,/comics/1745,/comics/80339,/comics/48351,/comics/80355,/comics/48105,/comics/2282,/comics/80371
/comics/80395,/comics/49946,/comics/80411,/comics/48669,/comics/73760,/comics/48938,/comics/80427,/comics/2604,/comics/80443,/comics/73793,/comics/49474,/comics/49220,/comics/80459,/comics/80475,/comics/73824,/comics/2914,/comics/80491,/comics/80507,/comics/73611,/comics/73627,/comics/73884,/comics/73643,/comics/73659,/comics/73685,/comics/3044,/comics/80363,/comics/73709,/comics/3314,/comics/80379,/comics/2815
/comics/74752,/comics/74508,/comics/4374,/comics/80676,/comics/53543,/comics/80692,/comics/80708,/comics/53061,/comics/4683,/comics/74833,/comics/80724,/comics/74582,/comics/54106,/comics/80741,/comics/5235,/comics/80757,/comics/4982,/comics/53883,/comics/80773,/comics/80789,/comics/74909,/comics/74674,/comics/54464,/comics/53206,/comics/74466,/comics/4585,/comics/4848,/comics/5112,/comics/54264,/comics/75004
/comics/75277,/comics/75565,/comics/74833,/comics/54106,/comics/75611,/comics/80741,/comics/5736,/comics/54896,/comics/75122,/comics/5235,/comics/55412,/comics/80757,/comics/4982,/comics/80773,/comics/80789,/comics/55704,/comics/75418,/comics/54683,/comics/74909,/comics/80805,/comics/80821,/comics/54464,/comics/80837,/comics/80853,/comics/5850,/comics/5610,/comics/5355,/comics/5112,/comics/54264,/comics/75004
/comics/56834,/comics/57610,/comics/6946,/comics/80933,/comics/75822,/comics/57395,/comics/80949,/comics/6466,/comics/80965,/comics/56646,/comics/80981,/comics/75862,/comics/7007,/comics/80997,/comics/75881,/comics/81013,/comics/56442,/comics/57212,/comics/6787,/comics/81029,/comics/75677,/comics/6564,/comics/56999,/comics/75695,/comics/75716,/comics/7124,/comics/75733,/comics/75752,/comics/57832,/comics/6646
/comics/75808,/comics/57120,/comics/7208,/comics/75834,/comics/80973,/comics/58458,/comics/80989,/comics/75873,/comics/7525,/comics/7272,/comics/81005,/comics/75889,/comics/57723,/comics/81021,/comics/81037,/comics/7576,/comics/75930,/comics/81053,/comics/57510,/comics/75949,/comics/81069,/comics/7091,/comics/81085,/comics/75725,/comics/81101,/comics/58064,/comics/6609,/comics/75742,/comics/57312,/comics/76001
/comics/76544,/comics/10252,/comics/76562,/comics/76326,/comics/76598,/comics/76343,/comics/60472,/comics/9274,/comics/61248,/comics/76626,/comics/76375,/comics/9568,/comics/81249,/comics/81265,/comics/81281,/comics/61067,/comics/81297,/comics/76441,/comics/81313,/comics/60332,/comics/9904,/comics/81329,/comics/60594,/comics/76468,/comics/81345,/comics/81361,/comics/61139,/comics/76509,/comics/81377,/comics/81393
/comics/76548,/comics/60938,/comics/76567,/comics/10285,/comics/60718,/comics/76603,/comics/9809,/comics/76631,/comics/60505,/comics/61275,/comics/76388,/comics/9325,/comics/81269,/comics/81285,/comics/9616,/comics/81301,/comics/61083,/comics/76445,/comics/60832,/comics/81317,/comics/81333,/comics/76474,/comics/81349,/comics/60627,/comics/81365,/comics/81381,/comics/76518,/comics/9195,/comics/9457,/comics/61181
/comics/76801,/comics/76548,/comics/81413,/comics/60938,/comics/81429,/comics/76567,/comics/76834,/comics/81445,/comics/10285,/comics/76603,/comics/10563,/comics/9809,/comics/76631,/comics/61275,/comics/10851,/comics/76649,/comics/61580,/comics/9616,/comics/61083,/comics/60832,/comics/76723,/comics/81333,/comics/61369,/comics/10430,/comics/81349,/comics/81365,/comics/81381,/comics/76518,/comics/81397,/comics/61181
/comics/77576,/comics/81673,/comics/77592,/comics/81689,/comics/77608,/comics/81705,/comics/77624,/comics/81721,/comics/63805,/comics/13374,/comics/77640,/comics/81737,/comics/14416,/comics/63571,/comics/77656,/comics/81753,/comics/64091,/comics/14684,/comics/63331,/comics/81769,/comics/13974,/comics/64153,/comics/63419,/comics/63942,/comics/14286,/comics/13777,/comics/77544,/comics/77295,/comics/77560,/comics/81657
/comics/77576,/comics/64267,/comics/77592,/comics/81689,/comics/77608,/comics/81705,/comics/77624,/comics/81721,/comics/63805,/comics/77640,/comics/81737,/comics/14416,/comics/63571,/comics/77656,/comics/81753,/comics/64091,/comics/14684,/comics/77672,/comics/81769,/comics/77688,/comics/81785,/comics/81801,/comics/14995,/comics/13974,/comics/81817,/comics/64153,/comics/63942,/comics/14286,/comics/13777,/comics/77560
/comics/64547,/comics/64294,/comics/77628,/comics/14908,/comics/84032,/comics/77644,/comics/84048,/comics/77660,/comics/81757,/comics/84064,/comics/77676,/comics/81773,/comics/84080,/comics/64113,/comics/14714,/comics/77692,/comics/81789,/comics/84096,/comics/64641,/comics/15242,/comics/77708,/comics/81805,/comics/64401,/comics/81821,/comics/81837,/comics/14516,/comics/64193,/comics/15044,/comics/14312,/comics/63984
/comics/65794,/comics/77868,/comics/81973,/comics/77884,/comics/81989,/comics/66120,/comics/77900,/comics/82005,/comics/77916,/comics/17502,/comics/82021,/comics/77932,/comics/65907,/comics/82037,/comics/65655,/comics/77948,/comics/82053,/comics/84108,/comics/82069,/comics/17814,/comics/84124,/comics/18090,/comics/84140,/comics/65980,/comics/84156,/comics/66238,/comics/17345,/comics/84172,/comics/84188,/comics/84204
/comics/17921,/comics/84228,/comics/66056,/comics/84255,/comics/77860,/comics/84271,/comics/77876,/comics/65590,/comics/81981,/comics/77892,/comics/81997,/comics/17745,/comics/77908,/comics/82013,/comics/17247,/comics/77924,/comics/66156,/comics/82029,/comics/77940,/comics/18042,/comics/82045,/comics/17543,/comics/65677,/comics/82061,/comics/65943,/comics/84180,/comics/17117,/comics/84196,/comics/17394,/comics/84212
/comics/20245,/comics/67607,/comics/67894,/comics/78150,/comics/20809,/comics/78166,/comics/82265,/comics/78182,/comics/82281,/comics/68211,/comics/78199,/comics/82297,/comics/78216,/comics/82313,/comics/78232,/comics/82329,/comics/67738,/comics/78248,/comics/82345,/comics/84399,/comics/82361,/comics/84415,/comics/68039,/comics/84431,/comics/84447,/comics/20969,/comics/68333,/comics/84463,/comics/20467,/comics/84479
/comics/78100,/comics/20245,/comics/67607,/comics/82201,/comics/78116,/comics/82217,/comics/78133,/comics/67894,/comics/82233,/comics/78150,/comics/82249,/comics/67405,/comics/20047,/comics/78166,/comics/82265,/comics/78182,/comics/82281,/comics/19829,/comics/82297,/comics/84355,/comics/84371,/comics/67738,/comics/84387,/comics/19625,/comics/84403,/comics/84419,/comics/67533,/comics/84435,/comics/20467,/comics/67319
/comics/69638,/comics/78345,/comics/82441,/comics/78361,/comics/82457,/comics/78377,/comics/82473,/comics/78393,/comics/82489,/comics/78409,/comics/82505,/comics/69205,/comics/82521,/comics/78426,/comics/84570,/comics/22619,/comics/82537,/comics/84586,/comics/84602,/comics/84618,/comics/84634,/comics/69532,/comics/84654,/comics/22980,/comics/69327,/comics/22228,/comics/69105,/comics/22771,/comics/78329,/comics/23295
/comics/84741,/comics/69638,/comics/23558,/comics/84758,/comics/78361,/comics/84774,/comics/78377,/comics/82473,/comics/84790,/comics/78393,/comics/82489,/comics/78409,/comics/82505,/comics/69205,/comics/82521,/comics/78426,/comics/22619,/comics/69731,/comics/82537,/comics/78442,/comics/82553,/comics/69532,/comics/69806,/comics/22980,/comics/69327,/comics/84706,/comics/23790,/comics/84722,/comics/22771,/comics/23295
/comics/70402,/comics/24117,/comics/70203,/comics/84838,/comics/70508,/comics/84856,/comics/84872,/comics/78474,/comics/24716,/comics/23956,/comics/70037,/comics/84888,/comics/82585,/comics/78491,/comics/84904,/comics/82601,/comics/78507,/comics/25008,/comics/82617,/comics/78523,/comics/25282,/comics/82633,/comics/78539,/comics/24530,/comics/82649,/comics/78555,/comics/70113,/comics/82665,/comics/78571,/comics/24301
/comics/27905,/comics/26893,/comics/84758,/comics/84774,/comics/84790,/comics/84806,/comics/26707,/comics/84822,/comics/78688,/comics/84838,/comics/82797,/comics/78704,/comics/82813,/comics/78720,/comics/82829,/comics/78736,/comics/71067,/comics/82845,/comics/78752,/comics/71085,/comics/82861,/comics/78768,/comics/82877,/comics/71102,/comics/71120,/comics/27099,/comics/71137,/comics/27369,/comics/27625,/comics/71153
/comics/82945,/comics/78852,/comics/82961,/comics/78868,/comics/71192,/comics/82977,/comics/78884,/comics/28708,/comics/71209,/comics/82993,/comics/78900,/comics/71225,/comics/83009,/comics/78916,/comics/29254,/comics/71241,/comics/71257,/comics/29033,/comics/71275,/comics/28535,/comics/71292,/comics/71310,/comics/78788,/comics/82897,/comics/29395,/comics/78804,/comics/82913,/comics/78820,/comics/82929,/comics/78836
/comics/29970,/comics/78912,/comics/29508,/comics/30793,/comics/83021,/comics/78928,/comics/83037,/comics/78944,/comics/83053,/comics/78960,/comics/83069,/comics/78976,/comics/71305,/comics/83085,/comics/78992,/comics/71322,/comics/83101,/comics/79008,/comics/71339,/comics/83117,/comics/79024,/comics/71355,/comics/83133,/comics/30406,/comics/71374,/comics/30931,/comics/71391,/comics/71407,/comics/29690,/comics/71423
/comics/83202,/comics/71427,/comics/79108,/comics/71444,/comics/71460,/comics/71480,/comics/31806,/comics/71498,/comics/71514,/comics/30841,/comics/31363,/comics/31621,/comics/83089,/comics/78996,/comics/83105,/comics/79012,/comics/83121,/comics/79028,/comics/83137,/comics/79044,/comics/83153,/comics/79060,/comics/30676,/comics/83170,/comics/71395,/comics/79076,/comics/83186,/comics/71411,/comics/79092,/comics/30972
/comics/79112,/comics/32020,/comics/83222,/comics/79128,/comics/83238,/comics/79144,/comics/32558,/comics/83254,/comics/79160,/comics/83270,/comics/79176,/comics/83286,/comics/79192,/comics/71518,/comics/83302,/comics/79208,/comics/71535,/comics/31856,/comics/83318,/comics/79224,/comics/71552,/comics/83334,/comics/71568,/comics/71587,/comics/71604,/comics/71622,/comics/71639,/comics/32215,/comics/71656,/comics/33261
/comics/32516,/comics/79124,/comics/83234,/comics/79140,/comics/83250,/comics/79156,/comics/32830,/comics/83266,/comics/79172,/comics/32331,/comics/83282,/comics/79188,/comics/83298,/comics/79204,/comics/71531,/comics/83314,/comics/79220,/comics/71547,/comics/83330,/comics/79236,/comics/33159,/comics/71564,/comics/32157,/comics/71583,/comics/32685,/comics/71600,/comics/71617,/comics/71635,/comics/71652,/comics/33003
/comics/79363,/comics/83470,/comics/79379,/comics/71704,/comics/83486,/comics/79395,/comics/71723,/comics/34603,/comics/33840,/comics/71739,/comics/34378,/comics/71756,/comics/71774,/comics/71790,/comics/71808,/comics/34960,/comics/71826,/comics/79264,/comics/83374,/comics/79281,/comics/83390,/comics/79299,/comics/83406,/comics/79315,/comics/83422,/comics/79331,/comics/83438,/comics/79347,/comics/34809,/comics/83454
/comics/79619,/comics/79638,/comics/79654,/comics/37928,/comics/79670,/comics/72029,/comics/83807,/comics/72045,/comics/83823,/comics/38514,/comics/72061,/comics/83839,/comics/39304,/comics/72077,/comics/83855,/comics/38044,/comics/72095,/comics/83871,/comics/38318,/comics/83887,/comics/72116,/comics/83903,/comics/79555,/comics/39108,/comics/72133,/comics/83919,/comics/79571,/comics/79587,/comics/72175,/comics/79603
/comics/38157,/comics/71950,/comics/71967,/comics/36643,/comics/71983,/comics/37949,/comics/72000,/comics/37710,/comics/72017,/comics/72033,/comics/83811,/comics/83566,/comics/72049,/comics/83827,/comics/79478,/comics/83582,/comics/79494,/comics/83598,/comics/37521,/comics/79510,/comics/83614,/comics/79527,/comics/83630,/comics/79543,/comics/83646,/comics/79559,/comics/36822,/comics/79575,/comics/37345,/comics/71912
/comics/41477,/comics/72462,/comics/83983,/comics/40725,/comics/39703,/comics/41245,/comics/40990,/comics/83999,/comics/40233,/comics/72490,/comics/84015,/comics/72515,/comics/40515,/comics/72538,/comics/72293,/comics/79718,/comics/79735,/comics/40071,/comics/79752,/comics/72336,/comics/79768,/comics/79784,/comics/72366,/comics/79800,/comics/79816,/comics/72399,/comics/39893,/comics/79832,/comics/72424,/comics/83967
/comics/72707,/comics/43290,/comics/72991,/comics/72755,/comics/43062,/comics/73275,/comics/79932,/comics/44616,/comics/73291,/comics/43595,/comics/79948,/comics/73307,/comics/79964,/comics/42594,/comics/72811,/comics/79980,/comics/114,/comics/79996,/comics/80012,/comics/397,/comics/80028,/comics/43431,/comics/73128,/comics/80044,/comics/72884,/comics/80060,/comics/43969,/comics/44270,/comics/250,/comics/43774
/comics/80140,/comics/1295,/comics/45590,/comics/80156,/comics/44837,/comics/80172,/comics/80188,/comics/1103,/comics/600,/comics/869,/comics/73323,/comics/73339,/comics/46208,/comics/73355,/comics/45200,/comics/73371,/comics/1193,/comics/73387,/comics/73403,/comics/73420,/comics/80076,/comics/73436,/comics/80092,/comics/737,/comics/45796,/comics/45031,/comics/488,/comics/80108,/comics/1006,/comics/80124
/comics/44807,/comics/80136,/comics/45322,/comics/45085,/comics/40,/comics/44584,/comics/576,/comics/837,/comics/73287,/comics/73303,/comics/358,/comics/73319,/comics/73335,/comics/44156,/comics/73351,/comics/73367,/comics/43941,/comics/73383,/comics/80040,/comics/684,/comics/44977,/comics/73399,/comics/80056,/comics/955,/comics/454,/comics/80072,/comics/214,/comics/80088,/comics/80104,/comics/80120
/comics/73484,/comics/1295,/comics/1814,/comics/46870,/comics/1564,/comics/73500,/comics/73516,/comics/80172,/comics/73532,/comics/80188,/comics/80204,/comics/46668,/comics/1103,/comics/80220,/comics/80236,/comics/80252,/comics/46208,/comics/46469,/comics/80268,/comics/80284,/comics/1694,/comics/47265,/comics/1193,/comics/1477,/comics/73420,/comics/47052,/comics/73436,/comics/45796,/comics/73452,/comics/73468
/comics/80400,/comics/3348,/comics/50716,/comics/3104,/comics/80416,/comics/50470,/comics/2858,/comics/73774,/comics/80432,/comics/2623,/comics/80448,/comics/73802,/comics/50251,/comics/80464,/comics/80480,/comics/73837,/comics/80496,/comics/49270,/comics/80512,/comics/50069,/comics/2966,/comics/3224,/comics/49566,/comics/49834,/comics/2734,/comics/73648,/comics/73906,/comics/73664,/comics/73692,/comics/73720
/comics/4352,/comics/80641,/comics/74500,/comics/80657,/comics/52754,/comics/52501,/comics/80673,/comics/80689,/comics/3897,/comics/74302,/comics/51518,/comics/74561,/comics/80705,/comics/4163,/comics/51801,/comics/4444,/comics/74079,/comics/74341,/comics/52090,/comics/53401,/comics/74145,/comics/4261,/comics/74409,/comics/80577,/comics/80593,/comics/74459,/comics/4573,/comics/80609,/comics/80625,/comics/74239
/comics/74302,/comics/51801,/comics/52090,/comics/74145,/comics/80593,/comics/80609,/comics/80625,/comics/74239
